,OBJECTID,ULAND,UREGBEZ,UKREIS,UGEMEINDE,UJAHR,UMONAT,USTUNDE,UWOCHENTAG,UKATEGORIE,UART,UTYP1,ULICHTVERH,IstRad,IstPKW,IstFuss,IstKrad,IstGkfz,IstSonstige,LINREFX,LINREFY,XGCSWGS84,YGCSWGS84,STRZUSTAND,source_file,UIDENTSTLAE
95571,95572,5,5,15,0,2019,1,21,3,3,5,2,2,0,1,0,1,0,0,"403046,026129555890000","5755125,999404810400000",7.589618466000047,51.93839506900008,1,Unfallorte2019_LinRef.csv,
96139,96140,5,5,15,0,2019,1,10,6,3,2,6,0,0,1,0,0,0,0,"407043,794199236670000","5757872,107910919900000",7.647013014000038,51.963760756000056,1,Unfallorte2019_LinRef.csv,
96220,96221,5,5,15,0,2019,1,20,5,3,4,2,2,1,1,0,0,0,0,"407031,446276433770000","5757918,803299745500000",7.646820702000071,51.96417841300007,1,Unfallorte2019_LinRef.csv,
96293,96294,5,5,15,0,2019,1,19,4,3,3,6,2,1,0,0,0,0,0,"405160,114401451310000","5756934,443669045300000",7.619863259000056,51.95501449000005,0,Unfallorte2019_LinRef.csv,
96358,96359,5,5,15,0,2019,1,20,3,3,6,2,2,0,1,1,0,0,0,"404672,989594315180000","5759321,087325226500000",7.612114161000022,51.97638324300004,1,Unfallorte2019_LinRef.csv,
96359,96360,5,5,15,0,2019,1,20,3,2,5,3,2,0,1,0,0,0,0,"411665,464347521770000","5751946,068667240400000",7.715785125000025,51.911246411000036,1,Unfallorte2019_LinRef.csv,
96360,96361,5,5,15,0,2019,1,20,3,3,6,2,2,0,1,1,0,0,0,"405943,110112403520000","5756807,472815109400000",7.63128886100003,51.95400620100003,1,Unfallorte2019_LinRef.csv,
96557,96558,5,5,15,0,2019,1,19,2,3,2,6,2,0,1,0,0,0,1,"403890,095973975030000","5754747,269114304300000",7.601998939000055,51.93513733000003,1,Unfallorte2019_LinRef.csv,
96573,96574,5,5,15,0,2019,1,14,1,3,2,6,0,0,1,0,0,0,0,"401845,053947218690000","5755359,935216773300000",7.572087080000074,51.94028719200003,1,Unfallorte2019_LinRef.csv,
96574,96575,5,5,15,0,2019,1,0,1,2,5,3,2,1,1,0,0,0,0,"406305,766868651840000","5756678,901332071100000",7.636599663000027,51.95291175600005,1,Unfallorte2019_LinRef.csv,
96635,96636,5,5,15,0,2019,1,13,6,3,5,2,0,1,1,0,0,0,0,"400561,828999999910000","5756756,569000002000000",7.553021717000036,51.95261252500006,1,Unfallorte2019_LinRef.csv,
96739,96740,5,5,15,0,2019,1,1,5,3,0,1,2,1,0,0,0,0,0,"406307,062635663900000","5757679,488121770300000",7.636345630000051,51.961905724000076,0,Unfallorte2019_LinRef.csv,
96821,96822,5,5,15,0,2019,1,20,4,3,3,6,2,1,0,0,0,0,0,"406077,491536684330000","5756742,159873986600000",7.633261623000067,51.95344184900006,0,Unfallorte2019_LinRef.csv,
96822,96823,5,5,15,0,2019,1,18,4,3,2,6,2,0,1,0,0,0,0,"408199,781000000420000","5754183,669999999900000",7.664818571000069,51.93079897400003,0,Unfallorte2019_LinRef.csv,
96823,96824,5,5,15,0,2019,1,17,4,2,4,7,2,0,1,0,0,0,0,"410686,894977143030000","5755398,734890408800000",7.700666523000052,51.94212553700004,0,Unfallorte2019_LinRef.csv,
96824,96825,5,5,15,0,2019,1,13,4,2,0,1,0,1,0,0,0,0,0,"401821,228848671540000","5760893,502304786800000",7.57015851500006,51.99001986800005,0,Unfallorte2019_LinRef.csv,
96825,96826,5,5,15,0,2019,1,7,4,2,5,3,2,0,1,0,1,0,0,"405551,033212548120000","5756695,042609032200000",7.625616051000066,51.95292917900008,1,Unfallorte2019_LinRef.csv,
96826,96827,5,5,15,0,2019,1,19,4,3,0,7,2,0,1,0,0,0,1,"407185,393734207380000","5760909,694157291200000",7.648251780000066,51.99108772800008,1,Unfallorte2019_LinRef.csv,
96893,96894,5,5,15,0,2019,1,7,2,3,0,1,1,1,0,0,0,0,0,"401204,257600331680000","5764140,955350289100000",7.56023976900002,52.01909893800007,1,Unfallorte2019_LinRef.csv,
96894,96895,5,5,15,0,2019,1,7,2,3,2,6,2,0,1,0,0,0,0,"401623,983475673940000","5749145,586523486300000",7.570646967000073,51.88439178500005,1,Unfallorte2019_LinRef.csv,
96895,96896,5,5,15,0,2019,1,6,2,3,6,2,2,0,1,1,0,0,0,"404403,946328249760000","5755372,752421826100000",7.609297097000024,51.94084793300004,1,Unfallorte2019_LinRef.csv,
97018,97019,5,5,15,0,2019,1,21,1,3,1,6,2,0,1,0,0,0,0,"403700,193000000900000","5759585,671000000100000",7.597881321000045,51.97859366700004,1,Unfallorte2019_LinRef.csv,
97019,97020,5,5,15,0,2019,1,14,1,2,0,7,0,0,1,1,0,0,0,"406330,091000000010000","5756430,870999999300000",7.637021114000049,51.95068643600007,1,Unfallorte2019_LinRef.csv,
97073,97074,5,5,15,0,2019,1,11,7,3,9,7,0,0,1,0,0,0,0,"407935,016470468600000","5766763,359300250200000",7.65759182100004,52.043827959000055,1,Unfallorte2019_LinRef.csv,
97285,97286,5,5,15,0,2019,1,23,4,3,1,5,2,1,1,0,0,0,0,"407021,797585272230000","5757850,163010250800000",7.646698889000049,51.96355982500006,1,Unfallorte2019_LinRef.csv,
97286,97287,5,5,15,0,2019,1,16,4,3,5,6,0,1,1,0,0,0,0,"405578,328000000680000","5756998,951000003100000",7.625929598000028,51.955665476000036,0,Unfallorte2019_LinRef.csv,
97287,97288,5,5,15,0,2019,1,13,4,2,3,6,0,0,1,0,0,0,0,"406834,884256063960000","5756777,812501605600000",7.64427001100006,51.953889709000066,0,Unfallorte2019_LinRef.csv,
97288,97289,5,5,15,0,2019,1,7,4,3,5,3,1,1,1,0,0,0,0,"405194,323750388810000","5750115,780875433200000",7.622239004000051,51.89373098200008,0,Unfallorte2019_LinRef.csv,
97369,97370,5,5,15,0,2019,1,17,3,3,1,6,2,0,1,0,0,0,0,"406317,033907494510000","5758862,486096819900000",7.636167932000035,51.97254073400006,0,Unfallorte2019_LinRef.csv,
97370,97371,5,5,15,0,2019,1,15,3,3,2,2,0,0,1,0,0,0,0,"399886,020915424450000","5761034,525612270500000",7.541943416000038,51.99094194500003,1,Unfallorte2019_LinRef.csv,
97371,97372,5,5,15,0,2019,1,8,3,3,2,6,0,0,1,0,0,0,1,"404721,382000002080000","5761218,333000004300000",7.612291473000028,51.99344463800003,0,Unfallorte2019_LinRef.csv,
97578,97579,5,5,15,0,2019,1,17,1,3,5,3,0,0,1,0,0,0,0,"403934,401000000540000","5758094,855000004200000",7.601707500000032,51.96523427600005,0,Unfallorte2019_LinRef.csv,
97579,97580,5,5,15,0,2019,1,12,1,3,6,4,0,0,1,1,0,0,0,"405155,039198338990000","5756904,849539145800000",7.619797595000023,51.954747620000035,0,Unfallorte2019_LinRef.csv,
97615,97616,5,5,15,0,2019,1,21,7,2,9,1,2,0,1,0,0,0,0,"406556,652999999930000","5750395,200000001100000",7.641955242000051,51.89647264600006,0,Unfallorte2019_LinRef.csv,
97617,97618,5,5,15,0,2019,1,11,7,3,5,3,0,1,1,0,0,0,0,"403491,460219860080000","5755466,971006734300000",7.596000364000076,51.94153727500003,0,Unfallorte2019_LinRef.csv,
97618,97619,5,5,15,0,2019,1,11,7,3,0,7,0,0,0,1,0,0,1,"407196,708000001500000","5761114,434000000400000",7.648361092000073,51.99292991600004,0,Unfallorte2019_LinRef.csv,
97694,97695,5,5,15,0,2019,1,16,6,3,5,2,0,1,1,0,0,0,0,"403022,610000001270000","5754056,401999998800000",7.589579454000045,51.92877709100003,0,Unfallorte2019_LinRef.csv,
97695,97696,5,5,15,0,2019,1,12,6,3,2,6,0,0,1,0,0,0,0,"405961,657078851950000","5751759,770376626400000",7.632938276000061,51.90863806500005,1,Unfallorte2019_LinRef.csv,
97868,97869,5,5,15,0,2019,1,14,5,3,2,6,0,0,1,0,0,0,0,"404288,319000001070000","5759000,000000000000000",7.606604994000065,51.97343108000007,0,Unfallorte2019_LinRef.csv,
97950,97951,5,5,15,0,2019,1,17,1,3,6,2,2,0,1,1,0,0,0,"405588,217651004900000","5754354,856022210800000",7.626799533000053,51.93190081700004,1,Unfallorte2019_LinRef.csv,
97953,97954,5,5,15,0,2019,1,6,4,3,8,1,2,0,1,0,0,0,0,"409673,292928684500000","5753888,511366544300000",7.686321298000053,51.92838696500007,2,Unfallorte2019_LinRef.csv,
97954,97955,5,5,15,0,2019,1,8,4,3,1,6,0,0,1,0,0,0,0,"405961,812000000850000","5751758,468000000300000",7.63294088300006,51.90862638500005,1,Unfallorte2019_LinRef.csv,
98061,98062,5,5,15,0,2019,1,10,4,2,8,1,0,0,1,0,0,0,0,"400444,113883706740000","5759536,451883833900000",7.550503441000046,51.97757742500005,1,Unfallorte2019_LinRef.csv,
98086,98087,5,5,15,0,2019,1,8,3,3,5,2,0,1,1,0,0,0,0,"407834,427808079870000","5759154,678526898800000",7.658173013000067,51.97542082900003,0,Unfallorte2019_LinRef.csv,
98089,98090,5,5,15,0,2019,1,7,3,3,5,3,0,1,0,0,0,0,0,"406205,131602145730000","5757441,825874397500000",7.634927428000026,51.95975231800003,0,Unfallorte2019_LinRef.csv,
98092,98093,5,5,15,0,2019,1,23,7,3,2,6,2,0,1,0,0,0,0,"404852,114730876870000","5767318,876353517200000",7.612499117000027,52.048300511000036,1,Unfallorte2019_LinRef.csv,
98093,98094,5,5,15,0,2019,1,15,7,3,2,7,0,0,1,0,0,0,0,"405143,823438881900000","5754792,896649036600000",7.620217148000052,51.935762562000036,1,Unfallorte2019_LinRef.csv,
98098,98099,5,5,15,0,2019,1,14,3,3,3,2,0,1,1,0,0,0,0,"402611,471180626190000","5753834,660579593900000",7.583664651000049,51.92671222700005,0,Unfallorte2019_LinRef.csv,
98118,98119,5,5,15,0,2019,1,13,6,3,5,2,0,1,1,0,0,0,0,"407672,833683592270000","5756833,519563419700000",7.656445164000047,51.95453018100005,0,Unfallorte2019_LinRef.csv,
98119,98120,5,5,15,0,2019,1,5,6,3,4,2,2,0,1,0,0,0,0,"405151,314735622150000","5757194,166663626200000",7.619663543000058,51.95734748700005,0,Unfallorte2019_LinRef.csv,
98287,98288,5,5,15,0,2019,1,12,3,3,5,2,0,1,1,0,0,0,0,"403051,202345618980000","5758116,424258122200000",7.588850119000028,51.96527482100004,1,Unfallorte2019_LinRef.csv,
98288,98289,5,5,15,0,2019,1,7,3,2,0,7,2,1,0,0,0,0,0,"408030,875418911690000","5758303,192765528300000",7.661260360000028,51.96779975800007,2,Unfallorte2019_LinRef.csv,
98289,98290,5,5,15,0,2019,1,5,3,3,0,7,2,1,0,0,0,0,0,"408696,398148012350000","5756397,866617506400000",7.671451583000021,51.95078325800006,2,Unfallorte2019_LinRef.csv,
98290,98291,5,5,15,0,2019,1,1,3,3,0,1,2,1,0,0,0,0,0,"403161,410000001080000","5759052,005000000800000",7.590189830000043,51.97370329300003,1,Unfallorte2019_LinRef.csv,
98378,98379,5,5,15,0,2019,1,23,5,3,9,1,2,0,1,0,0,0,0,"403223,730838050130000","5754227,926708655400000",7.592455323000024,51.93035381900006,1,Unfallorte2019_LinRef.csv,
98380,98381,5,5,15,0,2019,1,17,5,2,6,4,2,0,1,1,0,0,0,"404803,569808435630000","5761704,786302417500000",7.613353042000028,51.99783113500007,1,Unfallorte2019_LinRef.csv,
98381,98382,5,5,15,0,2019,1,17,5,3,2,3,2,1,1,0,0,0,0,"403049,831267337310000","5758116,678620005000000",7.588830097000027,51.965276868000046,1,Unfallorte2019_LinRef.csv,
98385,98386,5,5,15,0,2019,1,11,5,3,2,6,0,0,1,0,0,0,0,"406533,089971972630000","5756210,976977851200000",7.640033825000046,51.94874406900004,1,Unfallorte2019_LinRef.csv,
98386,98387,5,5,15,0,2019,1,8,5,3,8,1,0,0,1,0,0,0,0,"401161,229431716730000","5765531,279136804900000",7.559211351000045,52.03158760900004,1,Unfallorte2019_LinRef.csv,
98445,98446,5,5,15,0,2019,1,9,2,2,6,4,0,0,1,1,0,0,0,"406435,054123176260000","5750795,812383228900000",7.640079808000053,51.900053179000054,1,Unfallorte2019_LinRef.csv,
98447,98448,5,5,15,0,2019,1,18,2,3,5,3,2,1,1,0,0,0,0,"404902,631000001910000","5762243,723000001200000",7.614645972000062,52.00269225000005,1,Unfallorte2019_LinRef.csv,
98450,98451,5,5,15,0,2019,1,18,2,3,6,4,2,0,1,1,0,0,0,"407179,618999999950000","5750957,166999999400000",7.650854984000034,51.90162806400008,1,Unfallorte2019_LinRef.csv,
98451,98452,5,5,15,0,2019,1,15,2,3,5,2,0,1,1,0,0,0,0,"403770,629000001590000","5754711,129999999000000",7.600271859000031,51.934791853000036,1,Unfallorte2019_LinRef.csv,
98454,98455,5,5,15,0,2019,1,12,2,3,5,3,0,0,1,0,0,0,0,"409414,776395914140000","5752338,541637605100000",7.682970438000041,51.914412740000046,1,Unfallorte2019_LinRef.csv,
98536,98537,5,5,15,0,2019,1,14,5,3,9,1,0,0,1,0,0,0,1,"400791,730392460710000","5753252,291181540100000",7.55737672600003,51.92115643000005,1,Unfallorte2019_LinRef.csv,
98590,98591,5,5,15,0,2019,1,21,4,2,3,6,2,1,0,0,0,0,0,"406937,496121435430000","5757773,587112654000000",7.645492999000055,51.962857417000066,2,Unfallorte2019_LinRef.csv,
98591,98592,5,5,15,0,2019,1,16,4,3,5,3,0,1,0,0,0,1,0,"407044,952796001920000","5757868,436929658100000",7.647030866000023,51.963727953000046,1,Unfallorte2019_LinRef.csv,
98593,98594,5,5,15,0,2019,1,12,2,3,2,6,0,0,1,0,0,0,0,"401974,014287280850000","5747867,677347641400000",7.576094002000048,51.87296712600005,1,Unfallorte2019_LinRef.csv,
98623,98624,5,5,15,0,2019,2,15,2,3,2,6,0,0,1,0,0,0,0,"404839,828784200360000","5759092,258430017200000",7.614605889000075,51.97435504200007,0,Unfallorte2019_LinRef.csv,
98712,98713,5,5,15,0,2019,2,7,2,3,8,1,1,0,1,0,0,0,0,"403710,474261239170000","5754422,984445190100000",7.599477795000041,51.93219148900005,1,Unfallorte2019_LinRef.csv,
98713,98714,5,5,15,0,2019,2,6,2,3,8,1,2,0,1,0,0,0,0,"401880,860786263830000","5749654,398442314900000",7.574233290000052,51.88901043100003,1,Unfallorte2019_LinRef.csv,
98723,98724,5,5,15,0,2019,2,6,4,3,4,6,2,0,1,0,0,0,0,"404990,377009669320000","5763586,452698156200000",7.615551381000046,52.01477615600004,0,Unfallorte2019_LinRef.csv,
98725,98726,5,5,15,0,2019,2,7,4,3,5,2,2,0,1,0,1,0,0,"398635,140209839680000","5758007,796685792500000",7.524626191000039,51.96351079400006,0,Unfallorte2019_LinRef.csv,
98806,98807,5,5,15,0,2019,2,17,7,3,1,5,1,1,1,0,0,0,0,"405578,877404412250000","5756821,543663803500000",7.625986342000033,51.95407095400003,1,Unfallorte2019_LinRef.csv,
98925,98926,5,5,15,0,2019,2,15,3,3,5,2,0,1,1,0,0,0,0,"405455,253000000490000","5759121,153999999200000",7.62355481000003,51.97471980900008,0,Unfallorte2019_LinRef.csv,
98926,98927,5,5,15,0,2019,2,13,3,3,1,6,0,1,0,0,0,0,0,"406155,558017926290000","5757435,097148019800000",7.634208004000072,51.95968347300004,0,Unfallorte2019_LinRef.csv,
98931,98932,5,5,15,0,2019,2,8,6,3,2,6,0,0,1,0,0,0,0,"407676,549961341540000","5756832,681150931900000",7.656499453000038,51.954523262000066,1,Unfallorte2019_LinRef.csv,
98933,98934,5,5,15,0,2019,2,19,6,3,2,2,2,0,1,0,0,0,0,"405371,937202354890000","5761218,416376149300000",7.621763644000055,51.99355662000005,1,Unfallorte2019_LinRef.csv,
98934,98935,5,5,15,0,2019,2,13,6,3,3,5,0,0,1,0,0,0,0,"408279,611756913360000","5760783,175252383600000",7.664217061000045,51.990132294000034,1,Unfallorte2019_LinRef.csv,
99074,99075,5,5,15,0,2019,2,18,3,3,2,6,1,0,1,0,0,0,0,"401984,019130499100000","5748371,407821053600000",7.576096250000035,51.877496601000075,0,Unfallorte2019_LinRef.csv,
99110,99111,5,5,15,0,2019,2,14,7,3,5,2,0,1,1,0,0,0,0,"405782,720849396660000","5755731,994492596000000",7.629250413000023,51.94431215700007,0,Unfallorte2019_LinRef.csv,
99111,99112,5,5,15,0,2019,2,17,7,3,0,3,0,1,1,0,0,0,0,"405782,736908687280000","5755732,013380006000000",7.629250641000056,51.94431232900007,0,Unfallorte2019_LinRef.csv,
99210,99211,5,5,15,0,2019,2,14,3,3,5,3,0,0,1,0,0,0,0,"407683,622999998740000","5761472,883999999600000",7.655354147000026,51.99623299400008,0,Unfallorte2019_LinRef.csv,
99258,99259,5,5,15,0,2019,2,9,6,3,5,3,0,1,1,0,0,0,0,"406537,972946568390000","5750575,382951991600000",7.641634993000025,51.898089104000064,0,Unfallorte2019_LinRef.csv,
99259,99260,5,5,15,0,2019,2,8,6,3,1,5,0,1,1,0,0,0,0,"405081,291941844860000","5759105,252224085900000",7.618116543000042,51.97451313000005,1,Unfallorte2019_LinRef.csv,
99439,99440,5,5,15,0,2019,2,6,5,3,5,3,2,1,1,0,0,0,0,"404326,302019314840000","5756264,114356739400000",7.607919859000049,51.948846493000076,1,Unfallorte2019_LinRef.csv,
99530,99531,5,5,15,0,2019,2,20,1,3,6,4,2,0,1,1,0,0,0,"405927,393414234740000","5756743,447974799200000",7.631077751000021,51.95342805800004,1,Unfallorte2019_LinRef.csv,
99661,99662,5,5,15,0,2019,2,10,1,3,3,2,0,1,1,0,0,0,0,"405164,440306261180000","5756901,127267431500000",7.619935386000066,51.95471576600005,0,Unfallorte2019_LinRef.csv,
99791,99792,5,5,15,0,2019,2,16,5,3,5,3,0,1,1,0,0,0,0,"405739,563047156670000","5753729,381308056400000",7.629171472000053,51.926304395000045,0,Unfallorte2019_LinRef.csv,
99855,99856,5,5,15,0,2019,2,18,7,3,6,4,2,0,1,1,0,0,0,"406051,190985041670000","5757753,807898243900000",7.632602359000032,51.962530565000066,0,Unfallorte2019_LinRef.csv,
99858,99859,5,5,15,0,2019,2,9,7,3,6,2,0,0,1,1,0,0,0,"405446,333463592450000","5751079,759794965400000",7.625635789000057,51.90243854400006,0,Unfallorte2019_LinRef.csv,
100052,100053,5,5,15,0,2019,2,16,6,3,8,1,0,1,0,0,0,0,0,"408813,658563434150000","5758532,777251549100000",7.672590569000022,51.96999236400006,0,Unfallorte2019_LinRef.csv,
100053,100054,5,5,15,0,2019,2,7,6,3,5,2,0,0,1,0,1,0,0,"407081,385000000710000","5757597,832000000400000",7.647634193000044,51.961301708000065,0,Unfallorte2019_LinRef.csv,
100077,100078,5,5,15,0,2019,2,16,4,3,5,3,0,1,1,0,0,0,0,"406133,740419750100000","5757702,640671826900000",7.633817457000021,51.96208459400003,0,Unfallorte2019_LinRef.csv,
100078,100079,5,5,15,0,2019,2,13,4,3,0,5,0,1,1,0,0,0,0,"405648,614834705370000","5756980,848354360100000",7.626957100000027,51.955514692000065,0,Unfallorte2019_LinRef.csv,
100079,100080,5,5,15,0,2019,2,10,4,3,1,5,0,1,1,0,0,0,0,"404669,747128407470000","5759480,299874937200000",7.612022738000064,51.97781374600004,0,Unfallorte2019_LinRef.csv,
100166,100167,5,5,15,0,2019,2,9,3,3,2,6,0,0,1,0,0,0,0,"402833,107555665080000","5753948,558791244400000",7.586854722000055,51.927774713000076,1,Unfallorte2019_LinRef.csv,
100167,100168,5,5,15,0,2019,2,19,3,3,5,2,2,1,1,0,0,0,0,"406628,592371324080000","5758709,235125314400000",7.640743890000067,51.971215674000064,0,Unfallorte2019_LinRef.csv,
100168,100169,5,5,15,0,2019,2,16,3,3,4,2,0,1,1,0,0,0,0,"401877,237683466640000","5753654,857938041900000",7.573041412000066,51.924967174000074,0,Unfallorte2019_LinRef.csv,
100285,100286,5,5,15,0,2019,2,16,2,3,3,6,0,1,1,0,0,0,0,"404784,462779388760000","5755235,854708546800000",7.614868889000036,51.93968268700007,0,Unfallorte2019_LinRef.csv,
100355,100356,5,5,15,0,2019,2,21,7,3,2,6,2,0,1,0,0,0,0,"409119,928024389780000","5758872,337101638300000",7.676957780000066,51.97309469600003,0,Unfallorte2019_LinRef.csv,
100356,100357,5,5,15,0,2019,2,14,7,3,5,2,0,1,1,0,0,0,0,"406038,352976575490000","5756774,951165309200000",7.632683297000028,51.95372998100004,0,Unfallorte2019_LinRef.csv,
100442,100443,5,5,15,0,2019,2,17,6,3,9,7,1,0,1,0,0,0,0,"416344,120567789300000","5753778,344629403200000",7.783341590000021,51.928439222000065,0,Unfallorte2019_LinRef.csv,
100443,100444,5,5,15,0,2019,2,14,6,3,3,6,0,1,0,0,0,0,0,"405046,408797043380000","5756567,783853460100000",7.618310420000057,51.95169939700003,0,Unfallorte2019_LinRef.csv,
100444,100445,5,5,15,0,2019,2,14,6,3,2,6,0,0,1,0,0,0,0,"403102,091110602020000","5760279,340870948500000",7.588979918000064,51.984724570000026,0,Unfallorte2019_LinRef.csv,
100548,100549,5,5,15,0,2019,2,14,5,3,1,3,0,1,1,0,0,0,0,"403501,661367616620000","5760698,882426487300000",7.594678490000035,51.98856507600004,1,Unfallorte2019_LinRef.csv,
100646,100647,5,5,15,0,2019,2,0,3,2,4,6,2,1,0,0,0,0,0,"409383,946567085570000","5751521,817102776800000",7.682737169000063,51.907066419000046,0,Unfallorte2019_LinRef.csv,
100752,100753,5,5,15,0,2019,2,9,2,3,5,3,0,1,1,0,0,0,0,"407153,091403447090000","5760550,965315498400000",7.647878603000038,51.987857906000045,0,Unfallorte2019_LinRef.csv,
100758,100759,5,5,15,0,2019,2,8,3,3,3,3,0,1,1,0,0,0,0,"406526,867999999780000","5750599,418999999800000",7.641467126000066,51.89830329100005,0,Unfallorte2019_LinRef.csv,
100919,100920,5,5,15,0,2019,2,16,1,2,0,2,0,0,1,0,1,0,0,"406939,529000000100000","5756954,990000000200000",7.645744344000036,51.95549979200007,0,Unfallorte2019_LinRef.csv,
101042,101043,5,5,15,0,2019,3,21,1,3,5,2,2,0,1,0,0,0,0,"405199,719014599920000","5764877,613088101100000",7.618243280000058,52.02641730900007,1,Unfallorte2019_LinRef.csv,
101046,101047,5,5,15,0,2019,3,22,7,2,6,4,2,0,0,1,1,0,0,"406029,683000001130000","5756779,374000001700000",7.632555962000026,51.95376827100006,1,Unfallorte2019_LinRef.csv,
101048,101049,5,5,15,0,2019,3,14,6,3,2,1,0,0,1,0,0,0,0,"401092,371682262050000","5760765,313795773300000",7.559584280000024,51.98873837700006,0,Unfallorte2019_LinRef.csv,
101086,101087,5,5,15,0,2019,2,15,5,3,1,4,0,1,0,1,0,0,0,"409070,920305487700000","5752861,916014010100000",7.677834309000048,51.919061154000076,0,Unfallorte2019_LinRef.csv,
101087,101088,5,5,15,0,2019,2,14,5,3,2,6,0,0,1,0,0,0,0,"408004,307615404020000","5758296,220370937100000",7.660875611000051,51.96773268900006,0,Unfallorte2019_LinRef.csv,
101231,101232,5,5,15,0,2019,2,16,4,3,1,6,0,0,1,0,0,0,0,"403733,972102969880000","5749595,745797820400000",7.601168423000047,51.88880634700007,0,Unfallorte2019_LinRef.csv,
101232,101233,5,5,15,0,2019,2,7,4,3,5,3,0,1,1,0,0,0,0,"406062,380125024360000","5751516,489602448400000",7.634468395000056,51.906468320000045,0,Unfallorte2019_LinRef.csv,
101267,101268,5,5,15,0,2019,3,5,1,3,9,1,2,0,1,0,0,0,0,"409426,332391473460000","5763772,932702597200000",7.680122314000073,52.01719411500005,1,Unfallorte2019_LinRef.csv,
101289,101290,5,5,15,0,2019,3,17,6,3,6,4,0,1,0,1,0,0,0,"406608,472335600290000","5757158,657605066900000",7.64087276600003,51.95727495700004,0,Unfallorte2019_LinRef.csv,
101293,101294,5,5,15,0,2019,3,12,6,2,9,1,0,0,1,0,0,0,0,"404510,097269644960000","5744920,263703560500000",7.613735453000061,51.846914155000036,1,Unfallorte2019_LinRef.csv,
101392,101393,5,5,15,0,2019,3,17,4,2,5,2,0,1,1,0,0,0,0,"407061,588000000450000","5757345,232999999100000",7.647414494000032,51.95902791000003,1,Unfallorte2019_LinRef.csv,
101393,101394,5,5,15,0,2019,3,12,4,3,5,2,0,1,0,0,0,0,1,"406008,587041108870000","5757791,834510883300000",7.631972055000063,51.96286516400005,0,Unfallorte2019_LinRef.csv,
101525,101526,5,5,15,0,2019,3,19,3,3,5,2,1,1,1,0,0,0,0,"407296,247854567130000","5757988,437185637700000",7.650654997000061,51.96484853800007,0,Unfallorte2019_LinRef.csv,
101527,101528,5,5,15,0,2019,3,16,3,3,5,3,0,1,1,0,0,0,0,"406510,019101615060000","5757238,452881664000000",7.639418697000053,51.95797565200007,0,Unfallorte2019_LinRef.csv,
101554,101555,5,5,15,0,2019,3,13,5,3,5,3,0,1,1,0,0,0,0,"407058,082880979400000","5757259,554980456800000",7.647386678000032,51.95825720600004,1,Unfallorte2019_LinRef.csv,
101555,101556,5,5,15,0,2019,3,17,5,3,2,6,0,0,1,0,0,0,0,"404906,234086906540000","5755229,612991696200000",7.616641503000039,51.93964740800004,0,Unfallorte2019_LinRef.csv,
101653,101654,5,5,15,0,2019,3,21,2,3,2,6,2,0,1,0,0,0,0,"404852,056387758810000","5758306,761137263800000",7.615001568000025,51.96729679200007,0,Unfallorte2019_LinRef.csv,
101751,101752,5,5,15,0,2019,3,17,3,2,5,3,0,0,1,0,1,0,0,"407673,559503549710000","5756833,355814484900000",7.656455767000068,51.95452883000007,0,Unfallorte2019_LinRef.csv,
101753,101754,5,5,15,0,2019,3,15,3,2,5,3,0,1,1,0,0,0,0,"399146,390443028880000","5760141,203066567000000",7.53143797000007,51.98277892700003,0,Unfallorte2019_LinRef.csv,
101755,101756,5,5,15,0,2019,3,13,3,3,1,7,0,0,1,0,1,0,0,"405436,616884156130000","5756174,733338108300000",7.624094789000026,51.94823296800007,0,Unfallorte2019_LinRef.csv,
101856,101857,5,5,15,0,2019,3,22,1,3,6,2,2,0,1,1,0,0,0,"405108,490501950490000","5756668,372761825100000",7.619185725000023,51.95261412800005,1,Unfallorte2019_LinRef.csv,
101858,101859,5,5,15,0,2019,3,19,1,3,6,4,2,0,1,1,0,0,0,"405942,260803278540000","5756807,855052640700000",7.631276401000037,51.95400949300006,1,Unfallorte2019_LinRef.csv,
101875,101876,5,5,15,0,2019,3,19,4,3,3,6,2,0,1,0,0,1,0,"401289,395726034420000","5751593,316543987000000",7.565086457000064,51.90633357300004,1,Unfallorte2019_LinRef.csv,
101945,101946,5,5,15,0,2019,3,2,7,3,5,2,2,1,1,0,0,0,0,"406533,325782502070000","5756210,836961815100000",7.640037293000034,51.94874285000003,1,Unfallorte2019_LinRef.csv,
101948,101949,5,5,15,0,2019,3,15,7,2,1,5,0,1,1,0,0,0,0,"406842,107151579110000","5757007,066354677100000",7.644312929000023,51.955951569000035,1,Unfallorte2019_LinRef.csv,
102113,102114,5,5,15,0,2019,3,8,5,3,2,6,0,0,1,0,0,0,1,"405918,101571524520000","5754981,130436208100000",7.631424865000042,51.937585940000076,1,Unfallorte2019_LinRef.csv,
102139,102140,5,5,15,0,2019,3,16,6,3,1,6,0,0,1,0,0,0,0,"405616,393853934480000","5752109,173115072800000",7.627824911000062,51.91172028200003,1,Unfallorte2019_LinRef.csv,
102283,102284,5,5,15,0,2019,3,19,6,3,5,6,2,0,1,0,0,0,0,"408964,218999999580000","5756241,443000001800000",7.675388919000056,51.94942112500007,1,Unfallorte2019_LinRef.csv,
102326,102327,5,5,15,0,2019,3,18,4,3,5,2,1,1,1,0,0,0,0,"405930,555931756270000","5756158,803321506800000",7.631283782000025,51.948173534000034,1,Unfallorte2019_LinRef.csv,