,OBJECTID,ULAND,UREGBEZ,UKREIS,UGEMEINDE,UJAHR,UMONAT,USTUNDE,UWOCHENTAG,UKATEGORIE,UART,UTYP1,ULICHTVERH,IstRad,IstPKW,IstFuss,IstKrad,IstGkfz,IstSonstige,LINREFX,LINREFY,XGCSWGS84,YGCSWGS84,STRZUSTAND,source_file,UIDENTSTLAE
108524,108525,5,5,15,0,2019,5,19,1,3,8,1,0,0,1,0,0,0,0,"396946,120261829350000","5756417,819998256900000",7.500528300000042,51.948909652000054,1,Unfallorte2019_LinRef.csv,
108526,108527,5,5,15,0,2019,5,16,1,2,5,3,0,1,1,0,0,0,0,"405763,800684041340000","5756906,095798520400000",7.628653318000033,51.954862313000035,0,Unfallorte2019_LinRef.csv,
108528,108529,5,5,15,0,2019,5,12,1,3,6,1,0,0,0,1,1,0,0,"407010,414487639440000","5751292,863759171200000",7.648305755000024,51.90461729500004,0,Unfallorte2019_LinRef.csv,
108725,108726,5,5,15,0,2019,5,14,6,3,8,3,0,0,1,0,0,0,0,"403409,810999999750000","5766771,245999999300000",7.591628204000074,52.04312884400008,0,Unfallorte2019_LinRef.csv,
108726,108727,5,5,15,0,2019,5,15,6,3,2,5,0,0,1,0,0,0,0,"403431,828000000680000","5758084,497000003200000",7.594397534000052,51.96505409900004,0,Unfallorte2019_LinRef.csv,
108727,108728,5,5,15,0,2019,5,9,6,3,5,2,0,1,1,0,0,0,0,"403051,883909263650000","5758146,527752181500000",7.588851537000039,51.965545519000045,0,Unfallorte2019_LinRef.csv,
108841,108842,5,5,15,0,2019,5,22,5,2,5,2,2,1,1,0,0,0,0,"406938,233911626970000","5756952,467295749100000",7.645726187000037,51.955476900000065,0,Unfallorte2019_LinRef.csv,
108842,108843,5,5,15,0,2019,5,14,5,3,4,7,0,1,1,0,0,0,0,"406238,109000000170000","5757692,811999999000000",7.635338714000056,51.96201386100006,0,Unfallorte2019_LinRef.csv,
108843,108844,5,5,15,0,2019,5,8,5,3,1,1,0,0,1,0,1,0,0,"406810,768411859870000","5755449,498765276700000",7.644279300000051,51.94194609500005,0,Unfallorte2019_LinRef.csv,
108844,108845,5,5,15,0,2019,5,7,5,3,0,3,0,1,0,0,0,0,0,"406307,080417650750000","5758866,550021689400000",7.636021965000055,51.97257558500007,0,Unfallorte2019_LinRef.csv,
108993,108994,5,5,15,0,2019,5,12,7,2,0,6,0,0,1,0,0,0,0,"400813,126943821090000","5753236,881379932200000",7.557692194000026,51.92102173500007,0,Unfallorte2019_LinRef.csv,
109030,109031,5,5,15,0,2019,5,21,4,3,5,2,1,1,1,0,0,0,0,"403066,686997787100000","5760216,966787612100000",7.588482162000048,51.98415776000007,0,Unfallorte2019_LinRef.csv,
109032,109033,5,5,15,0,2019,5,17,4,3,5,3,0,1,1,0,0,0,0,"406305,053000001240000","5756676,910000002000000",7.63658982100003,51.95289373600008,0,Unfallorte2019_LinRef.csv,
109033,109034,5,5,15,0,2019,5,11,4,3,5,2,0,1,1,0,0,0,0,"405020,794000000690000","5758077,995000001000000",7.617520263000074,51.965269410000076,0,Unfallorte2019_LinRef.csv,
109035,109036,5,5,15,0,2019,5,7,4,3,5,3,0,1,1,0,0,0,0,"400571,226943709890000","5756721,005331547900000",7.553168714000037,51.95229455300006,0,Unfallorte2019_LinRef.csv,
109037,109038,5,5,15,0,2019,5,1,4,2,0,1,2,1,0,0,0,0,0,"405503,745591071430000","5758104,569553624800000",7.62454040700004,51.965590579000036,0,Unfallorte2019_LinRef.csv,
109067,109068,5,5,15,0,2019,5,6,3,3,5,3,0,0,1,0,0,0,0,"404681,356091006660000","5759085,896946692800000",7.612301254000045,51.97427070300006,0,Unfallorte2019_LinRef.csv,
109068,109069,5,5,15,0,2019,5,15,3,3,3,2,0,1,0,0,0,0,0,"405373,735515093430000","5755801,829074893100000",7.623282793000044,51.94487044600004,1,Unfallorte2019_LinRef.csv,
109249,109250,5,5,15,0,2019,5,18,4,3,1,6,0,0,1,0,0,0,0,"403425,132671944800000","5754403,862583557100000",7.595334241000046,51.93197017500006,0,Unfallorte2019_LinRef.csv,
109250,109251,5,5,15,0,2019,5,18,4,3,5,2,0,1,1,0,0,0,0,"404412,290000000040000","5755367,059999998700000",7.609420022000052,51.940798200000074,0,Unfallorte2019_LinRef.csv,
109251,109252,5,5,15,0,2019,5,21,4,3,4,1,1,0,1,0,0,0,0,"409195,789373761970000","5756172,074410667600000",7.678775728000062,51.94883544900006,0,Unfallorte2019_LinRef.csv,
109255,109256,5,5,15,0,2019,5,5,2,3,5,3,1,1,1,0,0,0,0,"404114,515633562580000","5748879,793141491700000",7.606895285000064,51.88243661400003,1,Unfallorte2019_LinRef.csv,
109257,109258,5,5,15,0,2019,5,21,2,3,5,3,1,1,1,0,0,0,0,"404790,321285380050000","5761206,218779411200000",7.613298602000043,51.99334757500003,0,Unfallorte2019_LinRef.csv,
109259,109260,5,5,15,0,2019,5,18,2,3,5,7,0,0,1,0,0,0,0,"404478,616034545000000","5761257,895878631600000",7.608745751000072,51.993758538000066,0,Unfallorte2019_LinRef.csv,
109485,109486,5,5,15,0,2019,5,6,1,2,9,1,0,0,1,0,0,0,0,"404990,802460744980000","5763589,022586513300000",7.615556865000031,52.01479932800004,0,Unfallorte2019_LinRef.csv,
109488,109489,5,5,15,0,2019,5,3,1,3,9,1,2,0,1,0,1,0,0,"405512,812205306250000","5750068,700062790900000",7.626878892000036,51.89336188100003,0,Unfallorte2019_LinRef.csv,
109561,109562,5,5,15,0,2019,6,20,1,2,1,6,1,0,1,0,0,0,0,"402907,989000000060000","5752964,624999998100000",7.588220927000066,51.91894384400007,0,Unfallorte2019_LinRef.csv,
109577,109578,5,5,15,0,2019,6,20,2,3,5,2,0,1,1,0,0,0,0,"402945,782000000590000","5757810,739000000100000",7.58740255500004,51.962508842000034,0,Unfallorte2019_LinRef.csv,
109578,109579,5,5,15,0,2019,6,15,2,3,5,2,0,1,1,0,0,0,0,"405724,131295045840000","5753792,240446135400000",7.62892989900007,51.926866791000066,0,Unfallorte2019_LinRef.csv,
109580,109581,5,5,15,0,2019,6,14,2,2,5,3,0,1,0,0,0,0,0,"404257,643391384740000","5758974,986577948600000",7.606165530000055,51.97320096700008,0,Unfallorte2019_LinRef.csv,
109583,109584,5,5,15,0,2019,6,15,2,3,0,7,0,1,0,0,0,0,0,"406359,533284151000000","5756997,589156594100000",7.637294961000066,51.95578533100007,0,Unfallorte2019_LinRef.csv,
109781,109782,5,5,15,0,2019,5,17,6,3,5,3,0,1,1,0,0,0,0,"404802,959999999030000","5761701,439999999500000",7.613345092000031,51.99780095300008,0,Unfallorte2019_LinRef.csv,
109782,109783,5,5,15,0,2019,5,16,6,3,5,6,0,1,0,0,0,0,0,"405542,977909479290000","5756661,056077886400000",7.625508211000067,51.95262232500005,0,Unfallorte2019_LinRef.csv,
109784,109785,5,5,15,0,2019,5,13,6,3,1,6,0,0,1,0,0,0,0,"407159,130690066140000","5760575,069682192100000",7.647960000000069,51.988075577000075,0,Unfallorte2019_LinRef.csv,
109786,109787,5,5,15,0,2019,5,9,6,3,4,3,0,0,1,0,0,0,0,"404665,917446182110000","5759085,519698998000000",7.612076667000054,51.97426466400003,0,Unfallorte2019_LinRef.csv,
109787,109788,5,5,15,0,2019,5,19,6,3,3,1,0,1,0,0,0,0,0,"406332,515179498120000","5756679,731733655600000",7.636988548000034,51.95292372500006,0,Unfallorte2019_LinRef.csv,
109834,109835,5,5,15,0,2019,6,3,2,3,8,6,2,0,1,0,0,1,0,"404031,283997278660000","5765264,427607713300000",7.60110977100004,52.029693165000026,0,Unfallorte2019_LinRef.csv,
109890,109891,5,5,15,0,2019,6,11,1,3,4,3,0,1,1,0,0,0,0,"406148,816601429130000","5750922,274932123700000",7.635886325000058,51.90114175700006,0,Unfallorte2019_LinRef.csv,
109892,109893,5,5,15,0,2019,6,21,1,3,0,6,2,1,0,1,0,0,0,"406809,360860719350000","5755961,418444518000000",7.644120072000021,51.94654726200008,0,Unfallorte2019_LinRef.csv,
110021,110022,5,5,15,0,2019,6,6,4,3,4,7,0,0,1,0,0,0,1,"404916,304287964480000","5762440,517465869000000",7.614790485000071,52.004463444000066,0,Unfallorte2019_LinRef.csv,
110022,110023,5,5,15,0,2019,6,17,4,3,2,6,0,0,1,0,0,0,0,"401699,010089534330000","5753655,196284417100000",7.570450297000036,51.924938773000065,0,Unfallorte2019_LinRef.csv,
110024,110025,5,5,15,0,2019,6,10,4,3,0,7,0,1,0,0,0,0,0,"405520,516187918370000","5756550,035288315300000",7.625211984000032,51.95162060600006,0,Unfallorte2019_LinRef.csv,
110027,110028,5,5,15,0,2019,6,13,4,3,0,3,0,1,0,0,0,0,0,"405956,786807615310000","5757879,917679138500000",7.631194225000058,51.96364813500003,0,Unfallorte2019_LinRef.csv,
110039,110040,5,5,15,0,2019,6,18,7,3,5,3,0,0,1,0,0,0,0,"401648,180000000630000","5755592,414000000800000",7.569157521000022,51.94234200300008,0,Unfallorte2019_LinRef.csv,
110126,110127,5,5,15,0,2019,6,17,6,3,5,3,0,1,1,0,0,0,0,"403935,726412015970000","5757905,986213974700000",7.601779620000059,51.96353689000006,0,Unfallorte2019_LinRef.csv,
110128,110129,5,5,15,0,2019,6,12,6,3,4,6,0,1,0,0,0,0,0,"405506,250006418680000","5751877,201665358600000",7.626287737000041,51.90961652900006,0,Unfallorte2019_LinRef.csv,
110235,110236,5,5,15,0,2019,6,22,4,3,8,1,2,0,1,0,0,0,0,"403106,958609954450000","5753152,063816644300000",7.591060375000041,51.920663269000045,0,Unfallorte2019_LinRef.csv,
110272,110273,5,5,15,0,2019,6,8,3,2,0,1,0,1,0,0,0,0,0,"405556,586617483760000","5754436,034131834300000",7.626317325000059,51.93262511800003,0,Unfallorte2019_LinRef.csv,
110274,110275,5,5,15,0,2019,6,19,3,3,0,7,0,1,0,0,0,0,0,"406051,910059351470000","5756765,527925416800000",7.632883093000032,51.95364757100003,0,Unfallorte2019_LinRef.csv,
110276,110277,5,5,15,0,2019,6,17,3,3,5,3,0,0,1,0,0,0,0,"405486,921926988290000","5754929,392315199600000",7.625168815000052,51.93704782600008,0,Unfallorte2019_LinRef.csv,
110382,110383,5,5,15,0,2019,6,18,5,3,8,1,0,0,1,0,0,0,0,"395976,545244496320000","5755940,800419861500000",7.486570268000037,51.944441770000026,0,Unfallorte2019_LinRef.csv,
110384,110385,5,5,15,0,2019,6,15,5,3,6,4,0,1,0,1,0,0,0,"405062,596017368140000","5757465,466898763600000",7.61829784400004,51.95977090400004,0,Unfallorte2019_LinRef.csv,
110386,110387,5,5,15,0,2019,6,17,5,3,6,4,0,1,0,1,0,0,0,"406273,200461393220000","5757401,116939051100000",7.635928893000028,51.95939788600003,0,Unfallorte2019_LinRef.csv,
110388,110389,5,5,15,0,2019,6,8,5,2,5,3,0,1,0,0,1,0,0,"402817,863623467270000","5753940,568614609500000",7.586635351000041,51.92770023300005,0,Unfallorte2019_LinRef.csv,
110389,110390,5,5,15,0,2019,6,7,5,3,4,7,0,0,1,0,0,0,0,"411178,093122261580000","5755075,722606726000000",7.707893972000022,51.939300693000064,1,Unfallorte2019_LinRef.csv,
110391,110392,5,5,15,0,2019,6,2,5,3,7,1,2,1,0,0,0,0,0,"405370,035580793400000","5755663,783618548900000",7.623266975000036,51.94362900200008,1,Unfallorte2019_LinRef.csv,
110536,110537,5,5,15,0,2019,6,9,3,3,5,3,0,1,1,0,0,0,0,"405108,578587876630000","5756668,559084398700000",7.619186955000032,51.95261581700004,0,Unfallorte2019_LinRef.csv,
110537,110538,5,5,15,0,2019,6,15,3,3,5,3,0,1,1,0,0,0,0,"410594,023000001910000","5753371,461000002900000",7.69984263200007,51.92388797500007,0,Unfallorte2019_LinRef.csv,
110707,110708,5,5,15,0,2019,6,21,1,2,5,3,1,0,1,0,0,0,0,"405837,260000000710000","5756863,344000000500000",7.629733700000031,51.954490484000075,0,Unfallorte2019_LinRef.csv,
110708,110709,5,5,15,0,2019,6,16,1,3,3,6,0,1,0,0,0,0,0,"407101,798177028070000","5760330,782841282000000",7.647191491000058,51.98587022600003,0,Unfallorte2019_LinRef.csv,
110790,110791,5,5,15,0,2019,6,11,3,2,9,7,0,1,0,0,0,0,0,"406151,666300210170000","5751386,704165868500000",7.63580126100004,51.90531678600007,0,Unfallorte2019_LinRef.csv,
110795,110796,5,5,15,0,2019,6,10,3,3,9,7,0,0,1,0,0,0,0,"411590,005327991210000","5757259,070043480000000",7.713322879000032,51.95899189900007,1,Unfallorte2019_LinRef.csv,
110826,110827,5,5,15,0,2019,6,17,5,3,3,3,0,1,1,0,0,0,0,"407701,160000000150000","5758539,449000001000000",7.656398797000065,51.96986870300003,0,Unfallorte2019_LinRef.csv,
110980,110981,5,5,15,0,2019,6,12,4,3,6,1,0,0,1,1,0,0,0,"406373,758000000380000","5757335,947999998900000",7.637409692000063,51.95882905800005,1,Unfallorte2019_LinRef.csv,
110981,110982,5,5,15,0,2019,6,16,4,3,5,3,0,1,1,0,0,0,0,"404523,467965525570000","5759082,056103993200000",7.610004435000064,51.97420907700007,1,Unfallorte2019_LinRef.csv,
110982,110983,5,5,15,0,2019,6,10,4,3,6,4,0,1,0,1,0,0,0,"404755,006800752130000","5758425,200650198400000",7.613556480000057,51.96834475000003,0,Unfallorte2019_LinRef.csv,
110983,110984,5,5,15,0,2019,6,13,4,3,6,4,0,0,1,1,0,0,0,"406386,053000002170000","5757327,651000000500000",7.637590833000047,51.95875655100008,1,Unfallorte2019_LinRef.csv,
111141,111142,5,5,15,0,2019,6,3,1,3,0,1,2,1,0,0,0,0,0,"407039,007000001150000","5757866,227000001800000",7.646944949000044,51.963707095000075,0,Unfallorte2019_LinRef.csv,
111332,111333,5,5,15,0,2019,6,5,6,3,5,2,1,1,1,0,0,0,0,"402427,529979504640000","5753739,035770416300000",7.581017563000046,51.92582051100004,0,Unfallorte2019_LinRef.csv,
111439,111440,5,5,15,0,2019,6,16,3,3,2,6,0,0,1,0,0,0,0,"401290,666558229360000","5748177,690076084800000",7.566082529000028,51.87563310400003,0,Unfallorte2019_LinRef.csv,
111440,111441,5,5,15,0,2019,6,11,3,2,5,2,0,1,1,0,0,0,0,"398637,643134140410000","5758007,089769752700000",7.524662817000035,51.963504896000074,0,Unfallorte2019_LinRef.csv,
111441,111442,5,5,15,0,2019,6,11,3,3,0,3,0,0,1,0,1,0,0,"402689,745518723500000","5754821,752891307700000",7.58452346200005,51.93559821600007,0,Unfallorte2019_LinRef.csv,
111442,111443,5,5,15,0,2019,6,7,3,3,5,2,0,1,1,0,0,0,0,"406940,436653381210000","5756956,725214552100000",7.64575707900002,51.95551554100007,0,Unfallorte2019_LinRef.csv,
111443,111444,5,5,15,0,2019,6,1,3,2,5,3,2,0,1,0,0,0,0,"408726,531611736860000","5753398,064202021800000",7.672685984000054,51.923824065000076,0,Unfallorte2019_LinRef.csv,
111760,111761,5,5,15,0,2019,6,13,6,3,5,2,0,1,1,0,0,0,0,"406837,923711387440000","5756781,873005967600000",7.644313126000043,51.95392671600007,0,Unfallorte2019_LinRef.csv,
111761,111762,5,5,15,0,2019,6,19,6,3,6,3,0,0,1,1,0,0,0,"404889,801351602190000","5759094,944212254100000",7.615332444000046,51.97438773700003,0,Unfallorte2019_LinRef.csv,
111762,111763,5,5,15,0,2019,6,14,6,3,5,3,0,1,1,0,0,0,0,"408463,531924775800000","5756498,398267017700000",7.668037384000058,51.95164862100006,0,Unfallorte2019_LinRef.csv,
111763,111764,5,5,15,0,2019,6,13,6,3,0,5,0,1,1,0,0,0,0,"405963,156660569830000","5751750,338276376900000",7.632962644000031,51.908553537000046,0,Unfallorte2019_LinRef.csv,
111764,111765,5,5,15,0,2019,6,9,6,3,2,6,0,0,1,0,0,0,1,"399879,147114495750000","5757018,326429847600000",7.543014837000044,51.954842754000026,0,Unfallorte2019_LinRef.csv,
111867,111868,5,5,15,0,2019,6,2,5,3,5,2,2,1,1,0,0,0,0,"406305,499163649980000","5756678,154570665200000",7.636595972000066,51.952904998000065,0,Unfallorte2019_LinRef.csv,
111868,111869,5,5,15,0,2019,6,13,5,3,4,6,0,1,0,0,0,0,0,"400852,855354595000000","5756459,702611284300000",7.557340789000023,51.94999619400005,0,Unfallorte2019_LinRef.csv,
112011,112012,5,5,15,0,2019,6,11,4,3,2,7,0,0,0,0,0,0,1,"405451,987012492490000","5768520,497851770400000",7.620911488000047,52.05920366300006,0,Unfallorte2019_LinRef.csv,
112015,112016,5,5,15,0,2019,6,8,4,3,0,1,0,1,0,0,0,0,0,"412291,146315844730000","5753461,981488158900000",7.724492759000043,51.924971612000036,0,Unfallorte2019_LinRef.csv,
112018,112019,5,5,15,0,2019,6,13,4,3,2,6,0,0,1,0,0,0,0,"406311,608693727290000","5758864,701165251400000",7.636088372000074,51.97255973000006,0,Unfallorte2019_LinRef.csv,
112020,112021,5,5,15,0,2019,6,14,4,3,2,6,0,0,1,0,0,0,0,"409337,479454358110000","5760556,941416973200000",7.679678833000025,51.988272463000044,0,Unfallorte2019_LinRef.csv,
112211,112212,5,5,15,0,2019,6,19,2,3,2,6,0,0,1,0,0,0,0,"404662,989935162480000","5759085,448164429500000",7.612034080000058,51.97426351900003,0,Unfallorte2019_LinRef.csv,
112214,112215,5,5,15,0,2019,6,14,2,3,2,2,0,0,1,0,0,0,0,"406387,753000000490000","5757326,451000001300000",7.637615894000021,51.95874605100005,0,Unfallorte2019_LinRef.csv,
112275,112276,5,5,15,0,2019,6,17,4,3,1,7,0,1,0,0,0,0,0,"405580,062668211760000","5756827,423052398500000",7.626001969000072,51.95412400200007,0,Unfallorte2019_LinRef.csv,
112277,112278,5,5,15,0,2019,6,12,4,3,3,6,0,1,0,0,0,0,0,"400947,472999999300000","5753703,381999999300000",7.559510862000025,51.92523866700003,0,Unfallorte2019_LinRef.csv,
112279,112280,5,5,15,0,2019,6,8,4,3,5,3,0,0,1,0,0,0,0,"404680,669635293070000","5759088,879376150700000",7.612290436000023,51.97429739300003,0,Unfallorte2019_LinRef.csv,
112281,112282,5,5,15,0,2019,6,19,4,3,8,1,0,0,0,0,1,0,0,"397366,600488183090000","5756853,638048982200000",7.506514043000038,51.95290451900007,0,Unfallorte2019_LinRef.csv,
112471,112472,5,5,15,0,2019,6,6,3,3,2,6,0,0,1,0,0,0,0,"405113,107871737330000","5764345,974683350000000",7.617128689000026,52.02162397400008,0,Unfallorte2019_LinRef.csv,
112507,112508,5,5,15,0,2019,6,13,1,3,2,6,0,0,1,0,1,0,0,"404100,833070210180000","5759188,968734355600000",7.603823600000055,51.97509727100004,0,Unfallorte2019_LinRef.csv,
112552,112553,5,5,15,0,2019,6,22,6,3,0,6,2,0,1,1,0,0,0,"405151,891450079160000","5757196,668007055300000",7.619671242000038,51.957370069000035,0,Unfallorte2019_LinRef.csv,
112553,112554,5,5,15,0,2019,6,15,6,3,9,1,0,0,1,0,0,0,1,"402535,924182732590000","5760649,381200177600000",7.580633008000064,51.98795153000003,0,Unfallorte2019_LinRef.csv,
112554,112555,5,5,15,0,2019,6,11,6,3,5,2,0,1,1,0,0,0,0,"405141,136000000870000","5757021,191999999800000",7.619563216000074,51.95579098300004,0,Unfallorte2019_LinRef.csv,
112618,112619,5,5,15,0,2019,6,1,1,3,3,7,2,0,1,0,0,0,0,"406317,893797486090000","5756464,741693537700000",7.636834456000031,51.95098882800005,0,Unfallorte2019_LinRef.csv,
112757,112758,5,5,15,0,2019,6,18,6,3,2,6,0,0,1,0,0,0,0,"403883,920627845450000","5754741,500559177200000",7.601910754000073,51.93508441400007,0,Unfallorte2019_LinRef.csv,
112797,112798,5,5,15,0,2019,6,13,7,3,3,6,0,1,1,0,0,0,0,"405968,241409766490000","5756447,011841878300000",7.631753090000075,51.95077046000006,0,Unfallorte2019_LinRef.csv,
112799,112800,5,5,15,0,2019,6,12,7,2,0,4,0,1,0,1,0,0,0,"405888,384935852140000","5757927,359858783000000",7.630185937000022,51.96406299100005,0,Unfallorte2019_LinRef.csv,
112810,112811,5,5,15,0,2019,6,16,5,3,1,6,0,0,1,0,0,0,0,"399734,988384719940000","5761192,366882093300000",7.539698397000052,51.99233338500005,0,Unfallorte2019_LinRef.csv,
112812,112813,5,5,15,0,2019,6,17,5,3,0,7,0,1,0,0,0,0,1,"397588,895999999720000","5756743,021000003400000",7.509780592000027,51.95195127200003,1,Unfallorte2019_LinRef.csv,
112813,112814,5,5,15,0,2019,6,13,5,3,4,6,0,1,0,0,0,0,0,"408587,176777094600000","5753611,521827204200000",7.670603361000076,51.92571989700008,0,Unfallorte2019_LinRef.csv,
112815,112816,5,5,15,0,2019,6,8,5,3,0,1,0,1,0,0,0,0,0,"405791,558320549320000","5756889,960883595000000",7.629061553000042,51.954721988000074,0,Unfallorte2019_LinRef.csv,
113106,113107,5,5,15,0,2019,7,7,4,3,0,6,0,1,0,0,0,0,0,"406296,478000001050000","5758870,500000003700000",7.635866584000041,51.972609301000034,0,Unfallorte2019_LinRef.csv,
113108,113109,5,5,15,0,2019,7,11,4,3,2,6,0,0,1,0,0,0,0,"399372,554739832880000","5756988,634457098300000",7.535654062000049,51.95448444400006,0,Unfallorte2019_LinRef.csv,
113110,113111,5,5,15,0,2019,7,9,4,3,0,7,0,1,1,0,0,0,0,"407270,312551667910000","5756887,715544454800000",7.650574759000051,51.95495035000005,0,Unfallorte2019_LinRef.csv,
113142,113143,5,5,15,0,2019,7,11,2,2,5,3,0,1,1,0,0,0,0,"404117,216829014940000","5758144,070926576900000",7.604353898000056,51.96570820800008,0,Unfallorte2019_LinRef.csv,
113144,113145,5,5,15,0,2019,7,19,2,3,5,2,0,1,1,0,0,0,0,"408401,855873041790000","5753924,842691373100000",7.667825673000039,51.92850576200004,0,Unfallorte2019_LinRef.csv,
113146,113147,5,5,15,0,2019,7,10,2,3,0,1,0,1,0,0,0,0,0,"405756,955515272920000","5753658,358908604800000",7.629443780000031,51.92566895500005,0,Unfallorte2019_LinRef.csv,
113357,113358,5,5,15,0,2019,7,8,3,1,9,1,0,1,0,0,0,0,0,"404001,173095403240000","5759287,714978259100000",7.602345515000025,51.975967627000045,0,Unfallorte2019_LinRef.csv,
113359,113360,5,5,15,0,2019,7,7,3,2,5,3,0,1,0,0,0,0,1,"401451,644184299740000","5753676,609075862900000",7.566848042000061,51.92508750300004,1,Unfallorte2019_LinRef.csv,
113559,113560,5,5,15,0,2019,7,16,6,3,5,2,0,1,1,0,0,0,0,"405724,238316774370000","5753791,804986733900000",7.628931574000035,51.926862895000056,0,Unfallorte2019_LinRef.csv,
113566,113567,5,5,15,0,2019,7,8,6,3,5,2,0,1,0,0,0,1,0,"404662,948197395540000","5760134,064322827400000",7.611742108000044,51.98368884100006,0,Unfallorte2019_LinRef.csv,
113568,113569,5,5,15,0,2019,7,16,6,3,0,7,0,0,1,1,0,0,0,"408543,874498055320000","5753677,584018064700000",7.669956254000056,51.92630659400004,0,Unfallorte2019_LinRef.csv,
113719,113720,5,5,15,0,2019,7,10,1,3,5,3,0,1,1,0,0,0,0,"405741,514845619910000","5753731,586138082700000",7.629199245000052,51.92632454400007,0,Unfallorte2019_LinRef.csv,
113852,113853,5,5,15,0,2019,7,7,5,3,6,4,0,1,0,1,0,0,0,"406274,874617424790000","5756673,916720673400000",7.63615162900004,51.95286174600005,0,Unfallorte2019_LinRef.csv,
113854,113855,5,5,15,0,2019,7,21,5,3,0,1,0,1,0,0,0,0,0,"398709,110785372560000","5758970,772799918400000",7.525418362000039,51.97217953200004,0,Unfallorte2019_LinRef.csv,
113856,113857,5,5,15,0,2019,7,18,5,3,3,4,0,1,0,1,0,0,0,"404671,263242889200000","5759405,780346851800000",7.612065507000068,51.977144198000076,0,Unfallorte2019_LinRef.csv,
113857,113858,5,5,15,0,2019,7,13,5,3,5,2,0,1,1,0,0,0,0,"405453,248662634750000","5756249,189348679000000",7.624316227000065,51.94890503900007,0,Unfallorte2019_LinRef.csv,
113908,113909,5,5,15,0,2019,7,19,7,3,0,5,0,1,1,0,0,0,1,"406027,357437162660000","5757775,080375563400000",7.632249755000032,51.96271774400003,1,Unfallorte2019_LinRef.csv,
114087,114088,5,5,15,0,2019,7,11,4,3,0,7,0,1,0,0,0,0,0,"406236,607919032690000","5757692,988257644700000",7.635316825000075,51.96201519200008,0,Unfallorte2019_LinRef.csv,
114088,114089,5,5,15,0,2019,7,9,4,3,3,2,0,1,0,0,0,0,1,"406322,629000001590000","5756457,541000001100000",7.636905299000034,51.950924902000054,0,Unfallorte2019_LinRef.csv,
114089,114090,5,5,15,0,2019,7,7,4,3,1,6,0,0,1,0,0,0,0,"400146,320405353790000","5747458,222164984800000",7.549672797000028,51.868962612000075,0,Unfallorte2019_LinRef.csv,
114090,114091,5,5,15,0,2019,7,7,4,3,2,1,0,0,1,0,1,0,0,"403850,571897575630000","5754777,421326145500000",7.601415785000029,51.93540152200006,0,Unfallorte2019_LinRef.csv,
114201,114202,5,5,15,0,2019,7,5,4,3,2,6,0,0,1,0,0,0,1,"401057,122519217430000","5752640,808550506800000",7.561410283000043,51.91570749700003,0,Unfallorte2019_LinRef.csv,
114216,114217,5,5,15,0,2019,7,7,3,3,2,6,0,0,1,0,0,0,0,"404421,849725210110000","5755054,052488584100000",7.60964604000003,51.93798640500006,0,Unfallorte2019_LinRef.csv,
114319,114320,5,5,15,0,2019,7,13,7,3,5,2,0,1,1,0,0,0,0,"406832,934999999590000","5757698,926000000900000",7.643991846000063,51.96216881400005,0,Unfallorte2019_LinRef.csv,
114409,114410,5,5,15,0,2019,7,14,6,3,2,7,0,0,1,0,0,0,0,"404840,750405298550000","5759092,307962663500000",7.614619289000075,51.97435564500006,0,Unfallorte2019_LinRef.csv,
114410,114411,5,5,15,0,2019,7,10,6,2,5,3,0,0,1,0,1,0,0,"407019,617000001480000","5757996,375000001900000",7.646627572000057,51.96487368800007,1,Unfallorte2019_LinRef.csv,
114411,114412,5,5,15,0,2019,7,17,6,3,5,3,0,1,1,0,0,0,0,"406625,066000000570000","5757653,318000000000000",7.64097971700005,51.96172399400007,1,Unfallorte2019_LinRef.csv,
114522,114523,5,5,15,0,2019,7,15,5,3,5,2,0,0,1,0,1,0,0,"403932,662470465530000","5758079,743769899000000",7.601686431000076,51.96509815100006,0,Unfallorte2019_LinRef.csv,
114523,114524,5,5,15,0,2019,7,13,5,3,1,6,0,0,1,0,0,0,0,"406080,531561432410000","5758929,631006225900000",7.632707628000048,51.97310434500008,1,Unfallorte2019_LinRef.csv,
114524,114525,5,5,15,0,2019,7,11,5,3,5,2,0,0,1,0,0,0,1,"405828,905000001190000","5759024,385999999900000",7.629019549000077,51.97391346200004,1,Unfallorte2019_LinRef.csv,
114525,114526,5,5,15,0,2019,7,18,5,3,1,5,0,0,1,0,0,0,0,"407661,746028234250000","5754827,218354519500000",7.656822744000067,51.93649456400004,1,Unfallorte2019_LinRef.csv,
114594,114595,5,5,15,0,2019,7,17,4,3,2,6,0,0,1,0,0,0,0,"408072,306736697440000","5756678,867575738600000",7.662297996000063,51.95320625800008,0,Unfallorte2019_LinRef.csv,
114595,114596,5,5,15,0,2019,7,15,4,3,5,2,0,1,1,0,0,0,0,"405376,298353540710000","5761220,164067640900000",7.621826661000057,51.99357307200006,0,Unfallorte2019_LinRef.csv,
114680,114681,5,5,15,0,2019,7,10,3,3,3,6,0,1,0,0,0,0,0,"405969,819152290930000","5757858,055288447100000",7.631389839000065,51.96345383100004,0,Unfallorte2019_LinRef.csv,