,OBJECTID,ULAND,UREGBEZ,UKREIS,UGEMEINDE,UJAHR,UMONAT,USTUNDE,UWOCHENTAG,UKATEGORIE,UART,UTYP1,ULICHTVERH,IstRad,IstPKW,IstFuss,IstKrad,IstGkfz,IstSonstige,LINREFX,LINREFY,XGCSWGS84,YGCSWGS84,STRZUSTAND,source_file,UIDENTSTLAE
114681,114682,5,5,15,0,2019,7,10,3,3,2,6,0,0,1,0,0,0,0,"406433,434000002220000","5757295,162999998800000",7.638289030000067,51.95847250800006,0,Unfallorte2019_LinRef.csv,
114780,114781,5,5,15,0,2019,7,19,2,3,0,1,0,1,0,1,0,0,0,"403591,744731763380000","5758065,669595107400000",7.596729740000058,51.96491262900008,0,Unfallorte2019_LinRef.csv,
114781,114782,5,5,15,0,2019,7,14,2,3,5,3,0,1,0,0,0,0,1,"405874,410092765470000","5753185,484560344400000",7.631280674000038,51.92143839200003,0,Unfallorte2019_LinRef.csv,
114853,114854,5,5,15,0,2019,7,15,1,3,1,5,0,1,1,0,0,0,0,"405651,455397680400000","5756978,471612621100000",7.62699907700005,51.955493810000064,0,Unfallorte2019_LinRef.csv,
114974,114975,5,5,15,0,2019,7,18,6,3,3,2,0,1,1,0,0,0,0,"406900,451306496750000","5761080,863112278300000",7.644056665000051,51.99257858100003,0,Unfallorte2019_LinRef.csv,
114975,114976,5,5,15,0,2019,7,9,6,3,5,3,0,1,1,0,0,0,0,"411394,594979117620000","5761091,630501482600000",7.709490189000064,51.99341058400006,0,Unfallorte2019_LinRef.csv,
114976,114977,5,5,15,0,2019,7,19,6,3,5,3,0,1,1,0,0,0,0,"404990,934623905460000","5758202,204158026700000",7.617051411000034,51.96638074800006,0,Unfallorte2019_LinRef.csv,
115079,115080,5,5,15,0,2019,7,18,1,3,5,3,0,1,1,0,0,0,0,"403184,803690201600000","5759054,182788036800000",7.590529678000053,51.97372694400008,0,Unfallorte2019_LinRef.csv,
115119,115120,5,5,15,0,2019,7,14,5,3,4,2,0,1,1,0,0,0,0,"406335,295321188870000","5756776,308464903400000",7.637002667000047,51.953792272000044,0,Unfallorte2019_LinRef.csv,
115214,115215,5,5,15,0,2019,7,8,7,3,3,7,0,1,1,0,0,0,0,"405227,975999999790000","5750450,798000002300000",7.62263581600007,51.89674801400008,0,Unfallorte2019_LinRef.csv,
115225,115226,5,5,15,0,2019,7,18,4,3,2,1,0,1,0,0,0,0,0,"405393,224725977520000","5755968,130380913600000",7.623520488000054,51.946368551000035,0,Unfallorte2019_LinRef.csv,
115226,115227,5,5,15,0,2019,7,14,4,3,5,6,0,1,0,0,0,0,0,"405556,933011701330000","5754434,426304601100000",7.626322803000051,51.93261072400003,0,Unfallorte2019_LinRef.csv,
115313,115314,5,5,15,0,2019,7,14,3,3,4,7,0,0,1,0,0,0,0,"405018,694215539840000","5761178,875829340900000",7.616631313000028,51.99314091300005,0,Unfallorte2019_LinRef.csv,
115314,115315,5,5,15,0,2019,7,13,3,3,1,7,0,1,0,0,0,0,0,"406719,534232310950000","5757082,398677347200000",7.642509265000058,51.956608146000065,0,Unfallorte2019_LinRef.csv,
115315,115316,5,5,15,0,2019,7,6,3,2,5,3,0,1,1,0,0,0,0,"407868,117437185720000","5754564,975940980000000",7.659894028000053,51.934171579000065,0,Unfallorte2019_LinRef.csv,
115316,115317,5,5,15,0,2019,7,16,3,3,5,2,0,1,1,0,0,1,0,"405973,628587712530000","5751708,608748035500000",7.633126219000076,51.90818021800004,0,Unfallorte2019_LinRef.csv,
115317,115318,5,5,15,0,2019,7,15,3,3,5,1,0,0,1,0,0,0,1,"406137,698174662890000","5756697,639250479600000",7.634149628000046,51.95305184100005,0,Unfallorte2019_LinRef.csv,
115426,115427,5,5,15,0,2019,7,17,2,3,5,3,0,1,1,0,0,0,0,"403852,911848234010000","5748568,043956469700000",7.603182566000044,51.879589416000044,0,Unfallorte2019_LinRef.csv,
115642,115643,5,5,15,0,2019,7,9,7,3,1,7,0,0,1,0,0,0,1,"406520,833500141280000","5751191,027796529200000",7.641218998000056,51.90362000200008,0,Unfallorte2019_LinRef.csv,
115643,115644,5,5,15,0,2019,7,3,7,2,6,4,2,0,1,1,0,0,0,"405829,954662677830000","5759023,985680682600000",7.62903493500005,51.97391004200006,0,Unfallorte2019_LinRef.csv,
115644,115645,5,5,15,0,2019,7,13,7,2,0,1,0,1,0,0,0,0,0,"410419,428999999540000","5760649,173000002300000",7.695406763000051,51.989277048000076,0,Unfallorte2019_LinRef.csv,
115722,115723,5,5,15,0,2019,7,12,6,3,2,6,0,0,1,0,0,0,0,"408288,526956679300000","5760808,145800467600000",7.664340181000057,51.99035821500007,0,Unfallorte2019_LinRef.csv,
115723,115724,5,5,15,0,2019,7,12,6,3,2,6,0,0,1,0,0,0,0,"399940,585093401370000","5761094,626584293300000",7.542720269000029,51.99149196900004,0,Unfallorte2019_LinRef.csv,
115724,115725,5,5,15,0,2019,7,11,6,3,5,3,0,1,0,0,0,0,1,"407140,778973600830000","5756903,320711828800000",7.648686103000046,51.95506900300006,0,Unfallorte2019_LinRef.csv,
115738,115739,5,5,15,0,2019,7,8,2,3,5,3,0,1,1,0,0,0,0,"405921,874490539540000","5756084,939478898400000",7.631177721000029,51.94750814300005,0,Unfallorte2019_LinRef.csv,
115740,115741,5,5,15,0,2019,7,19,2,3,3,5,0,0,1,0,0,0,1,"406289,441497783180000","5758763,708851713700000",7.635793333000038,51.97164822800005,0,Unfallorte2019_LinRef.csv,
115742,115743,5,5,15,0,2019,7,13,2,2,5,2,0,1,0,0,0,1,0,"406625,066000000570000","5757653,318000000000000",7.64097971700005,51.96172399400007,0,Unfallorte2019_LinRef.csv,
115897,115898,5,5,15,0,2019,7,4,6,3,8,7,2,0,0,0,0,1,0,"401151,224727762860000","5752130,729797283200000",7.562924415000055,51.91113948800006,0,Unfallorte2019_LinRef.csv,
115929,115930,5,5,15,0,2019,7,11,1,3,5,3,0,0,1,0,0,0,1,"404677,405728808600000","5758519,000817624900000",7.612401186000056,51.96917455800008,0,Unfallorte2019_LinRef.csv,
115931,115932,5,5,15,0,2019,7,16,1,3,3,6,0,1,0,0,0,0,0,"406173,977900898080000","5757697,963762259100000",7.634404194000069,51.96204934800005,0,Unfallorte2019_LinRef.csv,
115993,115994,5,5,15,0,2019,7,22,4,3,0,7,2,0,0,0,1,0,0,"405130,396000000650000","5757105,736999999700000",7.619383626000058,51.956549076000044,1,Unfallorte2019_LinRef.csv,
115994,115995,5,5,15,0,2019,7,17,4,3,1,5,0,0,1,0,0,0,0,"403127,154638823120000","5755189,540719198100000",7.590780352000024,51.93898033000005,0,Unfallorte2019_LinRef.csv,
116097,116098,5,5,15,0,2019,8,11,6,3,0,1,0,0,0,0,1,0,0,"405654,597000001000000","5757012,945000002200000",7.627035315000057,51.95580420500005,0,Unfallorte2019_LinRef.csv,
116157,116158,5,5,15,0,2019,7,17,3,3,3,6,0,1,0,0,0,0,0,"406652,591972147110000","5757126,772088358200000",7.641523308000046,51.956995763000066,0,Unfallorte2019_LinRef.csv,
116256,116257,5,5,15,0,2019,8,18,5,3,1,5,0,0,1,0,0,0,0,"404490,222974033090000","5755511,390706874400000",7.610513317000027,51.94210888600003,0,Unfallorte2019_LinRef.csv,
116258,116259,5,5,15,0,2019,8,20,5,2,6,7,0,1,0,1,0,0,0,"399882,878978932280000","5757016,809222562200000",7.543069567000032,51.95482978900003,0,Unfallorte2019_LinRef.csv,
116452,116453,5,5,15,0,2019,8,18,2,3,6,4,0,0,1,1,0,0,0,"409020,143894468430000","5757367,826909046600000",7.67590417100007,51.95955491900003,0,Unfallorte2019_LinRef.csv,
116454,116455,5,5,15,0,2019,8,16,2,3,0,1,0,0,1,0,1,0,0,"407459,915875480510000","5758097,341758970200000",7.653007197000022,51.96585469900003,0,Unfallorte2019_LinRef.csv,
116557,116558,5,5,15,0,2019,8,11,5,3,2,6,0,0,1,0,0,0,0,"399564,181494460440000","5752388,452973356500000",7.539784670000074,51.91317203300008,0,Unfallorte2019_LinRef.csv,
116593,116594,5,5,15,0,2019,8,6,4,2,8,7,0,0,0,0,0,1,1,"400977,183708697560000","5752577,746463062200000",7.560266533000061,51.915126471000065,0,Unfallorte2019_LinRef.csv,
116595,116596,5,5,15,0,2019,8,19,4,2,3,1,0,1,0,0,0,0,0,"401800,168297530150000","5760373,662098968400000",7.570000753000045,51.98534373000007,0,Unfallorte2019_LinRef.csv,
116597,116598,5,5,15,0,2019,8,15,4,3,2,6,0,0,1,0,0,0,0,"402841,398967451420000","5753952,904558010400000",7.586974042000065,51.92781522100006,0,Unfallorte2019_LinRef.csv,
116615,116616,5,5,15,0,2019,8,1,1,3,5,6,2,1,1,0,0,0,0,"406630,884000001480000","5758715,395999999700000",7.640775564000023,51.97127143600005,0,Unfallorte2019_LinRef.csv,
116617,116618,5,5,15,0,2019,8,18,1,2,0,1,0,0,0,0,1,0,0,"405731,001781653610000","5756924,865841129800000",7.628171019000035,51.95502546800003,0,Unfallorte2019_LinRef.csv,
116620,116621,5,5,15,0,2019,8,10,1,3,0,1,0,1,0,0,0,0,0,"404139,066999999810000","5763990,341000001900000",7.603037258000029,52.018260001000044,0,Unfallorte2019_LinRef.csv,
116772,116773,5,5,15,0,2019,8,9,3,3,2,7,0,0,1,0,0,0,0,"405575,311818713320000","5754352,052971676000000",7.626612648000048,51.93187343200003,1,Unfallorte2019_LinRef.csv,
116775,116776,5,5,15,0,2019,8,13,3,3,5,2,0,0,1,0,0,0,0,"408961,142981627960000","5756243,266077838800000",7.67534369200007,51.949437009000064,0,Unfallorte2019_LinRef.csv,
116777,116778,5,5,15,0,2019,8,18,3,3,4,6,0,0,1,0,0,0,1,"404686,880973524410000","5766669,170342329900000",7.610271528000055,52.042432406000046,0,Unfallorte2019_LinRef.csv,
116779,116780,5,5,15,0,2019,8,15,3,3,2,6,0,0,0,0,0,0,1,"406232,740750028750000","5757627,998956520100000",7.635278300000039,51.961430386000075,0,Unfallorte2019_LinRef.csv,
116782,116783,5,5,15,0,2019,8,17,7,2,5,2,0,0,1,0,0,0,0,"405972,659873313270000","5752312,837147668000000",7.632947212000033,51.91361118200007,0,Unfallorte2019_LinRef.csv,
116783,116784,5,5,15,0,2019,8,15,7,3,5,3,0,1,1,0,0,0,0,"408148,043627612290000","5761314,572080453900000",7.662159147000068,51.99488702100007,0,Unfallorte2019_LinRef.csv,
116906,116907,5,5,15,0,2019,8,16,1,3,5,2,0,1,1,0,0,0,0,"405151,500544740820000","5757194,972560565900000",7.619666024000026,51.95735476300007,0,Unfallorte2019_LinRef.csv,
117004,117005,5,5,15,0,2019,8,16,3,2,5,3,0,1,1,0,0,0,0,"408964,218999999580000","5756241,443000001800000",7.675388919000056,51.94942112500007,1,Unfallorte2019_LinRef.csv,
117006,117007,5,5,15,0,2019,8,19,3,3,5,6,0,0,1,0,0,0,0,"404690,553000001240000","5759085,980000004200000",7.612435082000047,51.97427302700004,1,Unfallorte2019_LinRef.csv,
117020,117021,5,5,15,0,2019,8,9,7,3,2,6,0,0,1,0,0,0,0,"402045,760860706680000","5746026,138713564700000",7.577658079000059,51.85642725900004,0,Unfallorte2019_LinRef.csv,
117022,117023,5,5,15,0,2019,8,14,7,3,0,7,0,1,0,0,0,0,0,"404890,336589891460000","5762158,557244196500000",7.614490566000029,52.00192464600008,0,Unfallorte2019_LinRef.csv,
117023,117024,5,5,15,0,2019,8,12,7,3,6,7,0,1,1,1,0,0,0,"405514,872972227630000","5754733,405954808000000",7.625629113000059,51.93529095500003,0,Unfallorte2019_LinRef.csv,
117168,117169,5,5,15,0,2019,8,9,6,3,5,3,0,1,1,0,0,0,0,"405181,433461097070000","5750136,096904987500000",7.622046148000038,51.893911400000036,0,Unfallorte2019_LinRef.csv,
117203,117204,5,5,15,0,2019,8,7,2,3,0,1,0,1,0,0,0,0,0,"405413,922477266750000","5751298,825393054600000",7.625104708000038,51.904402117000075,0,Unfallorte2019_LinRef.csv,
117205,117206,5,5,15,0,2019,8,14,2,3,2,2,0,0,1,0,0,0,0,"408410,741145200100000","5761111,681113611900000",7.666038468000068,51.99310671900008,0,Unfallorte2019_LinRef.csv,
117432,117433,5,5,15,0,2019,8,17,4,3,3,6,0,1,0,0,0,0,1,"405641,779000001960000","5756986,568000001800000",7.626856082000074,51.95556494200008,0,Unfallorte2019_LinRef.csv,
117436,117437,5,5,15,0,2019,8,11,6,3,1,6,0,0,1,0,0,1,0,"403934,807592469270000","5758097,729274191000000",7.601712613000075,51.965260182000065,0,Unfallorte2019_LinRef.csv,
117437,117438,5,5,15,0,2019,8,7,6,3,3,6,0,1,0,0,0,0,0,"406233,322724865750000","5756679,446582758800000",7.635545659000059,51.95290444700004,0,Unfallorte2019_LinRef.csv,
117438,117439,5,5,15,0,2019,8,6,6,3,5,3,0,1,1,0,0,0,0,"410234,737000001590000","5751951,530000003100000",7.694989449000047,51.911066755000036,0,Unfallorte2019_LinRef.csv,
117540,117541,5,5,15,0,2019,8,16,5,3,2,6,0,1,0,0,0,0,0,"406976,308829518040000","5757806,858856609100000",7.646048728000039,51.963162976000035,0,Unfallorte2019_LinRef.csv,
117651,117652,5,5,15,0,2019,8,21,5,3,0,1,2,0,1,0,0,0,0,"400937,559205096220000","5760856,880796687700000",7.557304028000033,51.989533804000075,1,Unfallorte2019_LinRef.csv,
117736,117737,5,5,15,0,2019,8,17,2,3,0,2,0,0,1,0,0,0,1,"405926,981235297400000","5756581,630836661900000",7.631116053000028,51.951973501000055,0,Unfallorte2019_LinRef.csv,
117737,117738,5,5,15,0,2019,8,7,2,3,5,3,0,1,1,0,0,0,0,"406688,950547778980000","5759311,648399876400000",7.641458509000074,51.97664058400005,0,Unfallorte2019_LinRef.csv,
117858,117859,5,5,15,0,2019,8,14,1,2,8,1,0,0,1,0,0,0,0,"406360,053072473030000","5735170,560865331400000",7.643217557000071,51.759590056000036,1,Unfallorte2019_LinRef.csv,
117908,117909,5,5,15,0,2019,8,12,1,3,2,6,0,0,1,0,0,0,0,"400327,712171688680000","5760983,879702290500000",7.548388677000048,51.99056617700006,1,Unfallorte2019_LinRef.csv,
117932,117933,5,5,15,0,2019,8,15,7,3,0,7,0,0,0,0,1,0,0,"406190,832000000400000","5757443,308000003900000",7.634718974000066,51.95976322800004,1,Unfallorte2019_LinRef.csv,
117992,117993,5,5,15,0,2019,8,14,6,3,2,6,0,0,1,0,0,0,0,"402767,224826396440000","5763399,962125090900000",7.583219890000066,52.01271486200005,0,Unfallorte2019_LinRef.csv,
118163,118164,5,5,15,0,2019,8,16,4,3,5,3,0,1,1,0,0,0,0,"403488,120262338780000","5760696,085352214100000",7.594482139000036,51.98853758300004,0,Unfallorte2019_LinRef.csv,
118284,118285,5,5,15,0,2019,8,15,1,3,0,2,0,0,1,0,0,0,0,"408149,852427159440000","5751405,944880537700000",7.664833566000027,51.905822768000064,0,Unfallorte2019_LinRef.csv,
118384,118385,5,5,15,0,2019,8,8,1,3,8,1,0,0,1,0,0,0,0,"401555,313901595770000","5761483,162206269800000",7.566117817000077,51.99527275200006,0,Unfallorte2019_LinRef.csv,
118409,118410,5,5,15,0,2019,8,21,7,3,3,7,2,1,1,0,0,0,0,"405524,864504347560000","5756571,275796379900000",7.625269398000057,51.95181226300008,0,Unfallorte2019_LinRef.csv,
118410,118411,5,5,15,0,2019,8,23,7,3,0,7,2,1,0,0,0,0,0,"408580,674949342380000","5761510,644786000300000",7.668406365000067,51.996720819000075,0,Unfallorte2019_LinRef.csv,
118412,118413,5,5,15,0,2019,8,10,7,2,0,1,0,1,0,0,0,0,0,"408868,044512590390000","5758548,063016716400000",7.673377983000023,51.97013868200003,0,Unfallorte2019_LinRef.csv,
118413,118414,5,5,15,0,2019,8,21,7,2,0,1,2,1,0,0,0,0,0,"404935,304042364470000","5749207,572085954200000",7.618726314000071,51.88552341500008,0,Unfallorte2019_LinRef.csv,
118414,118415,5,5,15,0,2019,8,23,7,2,5,3,2,0,1,0,1,0,0,"408067,735999998640000","5754368,798999998700000",7.662849151000046,51.93244123200003,0,Unfallorte2019_LinRef.csv,
118573,118574,5,5,15,0,2019,8,15,6,3,0,1,0,1,0,0,0,0,0,"405246,388476162220000","5758227,422147281500000",7.620761663000053,51.96665102000003,0,Unfallorte2019_LinRef.csv,
118600,118601,5,5,15,0,2019,8,7,5,3,5,3,0,1,1,0,0,0,0,"407095,065726520490000","5760301,613287080100000",7.647101382000074,51.98560691100005,1,Unfallorte2019_LinRef.csv,
118657,118658,5,5,15,0,2019,8,10,5,3,0,2,0,1,0,0,0,0,0,"404825,469673991200000","5758339,207616699900000",7.614605694000034,51.96758388200004,0,Unfallorte2019_LinRef.csv,
118744,118745,5,5,15,0,2019,8,9,3,3,2,6,0,1,0,0,0,0,0,"403991,665018409490000","5756982,012399716300000",7.602851792000024,51.95524155800007,0,Unfallorte2019_LinRef.csv,
118756,118757,5,5,15,0,2019,8,7,5,2,3,3,0,1,1,0,0,0,0,"404788,876065968540000","5761206,473572555900000",7.613277488000051,51.993349617000035,1,Unfallorte2019_LinRef.csv,
118814,118815,5,5,15,0,2019,8,22,5,3,0,3,2,0,1,0,0,0,1,"406209,089443503880000","5769979,184572000100000",7.63155049900007,52.07244344900005,0,Unfallorte2019_LinRef.csv,
118834,118835,5,5,15,0,2019,8,13,5,3,5,3,0,1,1,0,0,0,0,"407899,827677492050000","5761418,186036974200000",7.658517066000059,51.99577724300008,0,Unfallorte2019_LinRef.csv,
118901,118902,5,5,15,0,2019,8,18,3,3,8,1,0,0,1,0,0,0,0,"400117,032287643290000","5757904,395983923200000",7.546217764000062,51.962849635000055,1,Unfallorte2019_LinRef.csv,
118915,118916,5,5,15,0,2019,8,10,5,3,3,6,0,1,0,0,0,0,1,"406240,023975163700000","5757692,437751188900000",7.635366679000072,51.962010820000046,0,Unfallorte2019_LinRef.csv,
118926,118927,5,5,15,0,2019,8,7,4,3,2,1,0,0,1,0,0,0,0,"410582,508774117570000","5755483,015090309100000",7.699126410000076,51.94286634100007,0,Unfallorte2019_LinRef.csv,
118931,118932,5,5,15,0,2019,8,12,4,3,3,6,0,0,1,0,0,1,0,"405219,093137304300000","5754815,603887096000000",7.62130542500006,51.93597949000008,0,Unfallorte2019_LinRef.csv,
119019,119020,5,5,15,0,2019,8,12,6,3,3,6,0,1,0,0,0,1,0,"405639,030469243410000","5756984,517125584200000",7.626816660000031,51.95554604200004,0,Unfallorte2019_LinRef.csv,
119052,119053,5,5,15,0,2019,8,11,7,3,0,3,0,1,1,0,0,0,0,"403051,202345618980000","5758116,424258122200000",7.588850119000028,51.96527482100004,0,Unfallorte2019_LinRef.csv,
119062,119063,5,5,15,0,2019,8,16,6,3,0,7,0,1,0,0,0,0,1,"406052,327818785790000","5756765,237549718500000",7.632889250000062,51.953645032000054,0,Unfallorte2019_LinRef.csv,
119144,119145,5,5,15,0,2019,8,14,6,3,2,6,0,0,1,0,0,0,0,"404842,131441942420000","5750259,207543086300000",7.617082804000063,51.89496015100008,0,Unfallorte2019_LinRef.csv,
119207,119208,5,5,15,0,2019,8,18,7,2,9,1,0,0,0,0,1,0,0,"401964,528207994070000","5749269,060190135600000",7.575558167000054,51.88556159700005,1,Unfallorte2019_LinRef.csv,
119249,119250,5,5,15,0,2019,8,8,6,3,2,6,0,0,1,0,0,0,1,"404887,967938225720000","5758283,165886061300000",7.615530678000027,51.96709085500004,0,Unfallorte2019_LinRef.csv,
119259,119260,5,5,15,0,2019,9,19,1,2,5,3,0,1,1,0,0,0,0,"407557,664637021720000","5758174,007412081600000",7.654408942000032,51.96656007400003,0,Unfallorte2019_LinRef.csv,
119261,119262,5,5,15,0,2019,9,15,1,3,2,6,0,0,1,0,0,0,0,"405024,297031357880000","5758113,278846729500000",7.617561476000049,51.96558715400005,0,Unfallorte2019_LinRef.csv,
119311,119312,5,5,15,0,2019,8,9,7,3,5,3,0,0,1,0,0,0,0,"409733,535000000150000","5751975,327000001400000",7.687698780000062,51.911199658000044,0,Unfallorte2019_LinRef.csv,
119359,119360,5,5,15,0,2019,8,21,6,3,0,2,2,0,1,0,0,0,1,"406305,872999998740000","5758867,043000001500000",7.636004258000071,51.97257981200005,0,Unfallorte2019_LinRef.csv,
119412,119413,5,5,15,0,2019,9,7,4,3,1,6,0,0,1,0,0,0,0,"406172,211733873000000","5750126,285516109300000",7.636442908000049,51.89399089300008,0,Unfallorte2019_LinRef.csv,
119712,119713,5,5,15,0,2019,9,13,2,3,5,3,0,1,1,0,0,0,0,"407013,488624458200000","5757123,621062733200000",7.646774672000049,51.957027907000054,0,Unfallorte2019_LinRef.csv,
119714,119715,5,5,15,0,2019,9,9,2,2,9,1,0,0,0,0,0,0,1,"402197,560000000520000","5750191,047000002100000",7.578681517000064,51.89388967600007,0,Unfallorte2019_LinRef.csv,
119943,119944,5,5,15,0,2019,9,14,1,3,3,3,0,1,1,0,0,0,0,"405155,011605947280000","5756902,549562010900000",7.619797829000049,51.954726942000036,0,Unfallorte2019_LinRef.csv,
120065,120066,5,5,15,0,2019,9,4,7,3,0,1,2,0,0,0,0,0,1,"409042,998223753650000","5756394,027935814100000",7.676494480000031,51.95080554400005,0,Unfallorte2019_LinRef.csv,
120280,120281,5,5,15,0,2019,9,13,2,3,5,2,0,1,1,0,0,0,0,"406085,022460951470000","5756734,628707464800000",7.633373236000068,51.953375427000026,0,Unfallorte2019_LinRef.csv,
120282,120283,5,5,15,0,2019,9,8,2,3,5,2,0,0,1,0,0,0,0,"403772,517744068060000","5754712,810543438400000",7.600298853000027,51.93480728500003,0,Unfallorte2019_LinRef.csv,
120405,120406,5,5,15,0,2019,9,22,5,3,8,1,2,0,1,0,0,0,0,"398755,421339709310000","5753893,133922008800000",7.52758798900004,51.926549839000074,0,Unfallorte2019_LinRef.csv,
120408,120409,5,5,15,0,2019,9,16,5,3,3,2,0,1,1,0,0,0,0,"406932,422000000250000","5751278,943000001800000",7.647176159000026,51.90447914400005,0,Unfallorte2019_LinRef.csv,
120452,120453,5,5,15,0,2019,9,16,7,3,0,1,0,0,0,0,1,0,0,"408181,633999999610000","5756611,207000002300000",7.663906502000032,51.952616145000036,0,Unfallorte2019_LinRef.csv,
120670,120671,5,5,15,0,2019,9,6,6,3,3,2,1,1,0,0,0,0,1,"405480,663034508940000","5756994,632340842900000",7.624509960000069,51.955610067000066,0,Unfallorte2019_LinRef.csv,
120679,120680,5,5,15,0,2019,9,19,4,3,0,1,2,0,1,0,0,1,0,"400492,356482639910000","5754718,854950785600000",7.552600869000059,51.93428477300006,1,Unfallorte2019_LinRef.csv,
120681,120682,5,5,15,0,2019,9,17,4,3,5,3,0,0,1,0,0,0,0,"400150,271756628530000","5761021,771133169500000",7.545794328000056,51.99087487700007,1,Unfallorte2019_LinRef.csv,
120815,120816,5,5,15,0,2019,9,14,3,3,4,2,0,0,1,0,0,0,0,"403221,893971335140000","5754226,329754142100000",7.592429065000033,51.93033914500006,0,Unfallorte2019_LinRef.csv,
120917,120918,5,5,15,0,2019,9,14,2,3,0,2,0,0,1,0,0,0,1,"406318,088548853060000","5756464,445540437500000",7.636837370000023,51.950986199000056,1,Unfallorte2019_LinRef.csv,
120918,120919,5,5,15,0,2019,9,7,2,3,2,7,1,0,1,0,0,0,0,"405729,183972824360000","5753717,131922243200000",7.629023932000052,51.92619253400005,1,Unfallorte2019_LinRef.csv,
120919,120920,5,5,15,0,2019,9,15,2,3,1,6,0,0,1,0,0,0,0,"407870,191805128940000","5756786,510094033600000",7.659328894000055,51.95414036400007,0,Unfallorte2019_LinRef.csv,
121157,121158,5,5,15,0,2019,9,16,5,3,5,3,0,1,1,0,0,0,0,"401648,180000000630000","5755592,414000000800000",7.569157521000022,51.94234200300008,0,Unfallorte2019_LinRef.csv,
121158,121159,5,5,15,0,2019,9,15,5,2,5,3,0,1,1,0,0,0,0,"412213,127830516550000","5752201,739815989500000",7.72367980000007,51.91363119200008,0,Unfallorte2019_LinRef.csv,
121250,121251,5,5,15,0,2019,9,20,5,3,8,1,2,0,1,0,0,0,0,"403156,950345561840000","5753240,195445032800000",7.591762286000062,51.921464126000046,0,Unfallorte2019_LinRef.csv,
121282,121283,5,5,15,0,2019,9,19,4,3,2,1,1,0,1,0,0,0,0,"407862,997591003780000","5758260,883738307300000",7.658828739000057,51.96739165900004,0,Unfallorte2019_LinRef.csv,
121283,121284,5,5,15,0,2019,9,8,4,3,2,2,0,1,1,0,0,0,0,"412168,580867362210000","5759474,894518055000000",7.721174032000022,51.97900112100007,0,Unfallorte2019_LinRef.csv,
121346,121347,5,5,15,0,2019,9,9,7,3,1,6,0,1,1,0,0,0,0,"405533,772901560180000","5756615,143943382400000",7.625386927000022,51.95220808300007,0,Unfallorte2019_LinRef.csv,
121361,121362,5,5,15,0,2019,9,16,1,3,0,1,0,1,0,0,0,0,0,"406087,202000000510000","5758927,321000002300000",7.632805339000072,51.973084709000034,0,Unfallorte2019_LinRef.csv,
121395,121396,5,5,15,0,2019,9,14,6,3,5,3,0,1,1,0,0,0,0,"409137,742160194550000","5758959,005473578300000",7.677194101000055,51.97387663600006,0,Unfallorte2019_LinRef.csv,
121402,121403,5,5,15,0,2019,9,14,7,3,6,7,0,0,1,1,0,0,0,"412444,980636368510000","5753214,264569001300000",7.726792309000075,51.922769136000056,0,Unfallorte2019_LinRef.csv,
121506,121507,5,5,15,0,2019,9,14,6,3,4,1,0,1,0,0,0,0,0,"411139,684609125370000","5758906,990662617600000",7.706344456000068,51.973732806000044,0,Unfallorte2019_LinRef.csv,
121514,121515,5,5,15,0,2019,9,15,7,3,3,1,0,1,0,0,0,0,0,"406423,476972179490000","5758819,885172812300000",7.637728665000054,51.972175750000076,0,Unfallorte2019_LinRef.csv,
121561,121562,5,5,15,0,2019,9,14,6,3,6,6,0,1,0,1,0,0,0,"405127,542204055000000","5756709,086873214700000",7.619451629000025,51.95298333300008,0,Unfallorte2019_LinRef.csv,
121612,121613,5,5,15,0,2019,9,15,6,3,0,3,0,1,1,0,0,0,0,"406135,535832151770000","5750909,941352373000000",7.635696709000058,51.901028659000076,0,Unfallorte2019_LinRef.csv,
121750,121751,5,5,15,0,2019,9,7,3,3,1,6,0,0,1,0,0,0,0,"403931,124990685840000","5754825,893434032800000",7.602573591000066,51.93585112000005,0,Unfallorte2019_LinRef.csv,
121845,121846,5,5,15,0,2019,9,8,2,3,6,4,0,1,0,1,0,0,0,"405100,269596889620000","5756651,406241416900000",7.619070822000026,51.95246022300006,1,Unfallorte2019_LinRef.csv,
121846,121847,5,5,15,0,2019,9,11,2,3,2,3,0,0,1,0,0,1,1,"408401,833581550980000","5753901,713041851300000",7.667831506000027,51.92829785500004,0,Unfallorte2019_LinRef.csv,
121847,121848,5,5,15,0,2019,9,7,2,3,5,2,0,1,1,0,0,0,0,"405972,397000000810000","5756367,039000000800000",7.631835419000026,51.95005232900007,1,Unfallorte2019_LinRef.csv,
121975,121976,5,5,15,0,2019,9,16,4,3,2,6,0,0,1,0,0,0,0,"404989,928000000310000","5750416,513000002100000",7.619186690000049,51.89639930800007,0,Unfallorte2019_LinRef.csv,
121977,121978,5,5,15,0,2019,9,7,4,3,5,3,0,1,1,0,0,0,0,"406354,127123095100000","5750967,606537634500000",7.638857257000041,51.90158376800008,0,Unfallorte2019_LinRef.csv,
121981,121982,5,5,15,0,2019,9,5,4,3,5,3,2,1,1,0,0,0,0,"404907,914081332270000","5755229,724111625900000",7.616665904000058,51.93964869400003,1,Unfallorte2019_LinRef.csv,
121983,121984,5,5,15,0,2019,9,13,4,3,5,2,0,1,1,0,0,0,0,"407650,826999999580000","5758328,674000000600000",7.655723010000031,51.96796578500005,0,Unfallorte2019_LinRef.csv,