,OBJECTID,ULAND,UREGBEZ,UKREIS,UGEMEINDE,UJAHR,UMONAT,USTUNDE,UWOCHENTAG,UKATEGORIE,UART,UTYP1,ULICHTVERH,IstRad,IstPKW,IstFuss,IstKrad,IstGkfz,IstSonstige,LINREFX,LINREFY,XGCSWGS84,YGCSWGS84,STRZUSTAND,source_file,UIDENTSTLAE
122043,122044,5,5,15,0,2019,9,8,6,3,0,3,0,1,1,0,0,0,0,"405501,584000000730000","5756467,506000001000000",7.624959277000073,51.95087558000006,1,Unfallorte2019_LinRef.csv,
122044,122045,5,5,15,0,2019,9,16,6,3,5,2,0,0,1,0,0,0,0,"400898,564344175160000","5762028,823540492000000",7.556397523000044,52.00006039900006,0,Unfallorte2019_LinRef.csv,
122196,122197,5,5,15,0,2019,9,15,1,3,1,6,0,0,1,0,0,0,0,"407200,790939994160000","5755364,346963523000000",7.64997463800006,51.941245895000066,1,Unfallorte2019_LinRef.csv,
122217,122218,5,5,15,0,2019,9,17,5,3,5,3,0,1,1,0,0,0,0,"398716,142055030910000","5753195,056609127700000",7.527222347000077,51.92026830300006,1,Unfallorte2019_LinRef.csv,
122219,122220,5,5,15,0,2019,9,14,5,2,5,7,0,1,1,0,0,0,0,"404063,097500315870000","5756227,049369163800000",7.604101728000046,51.94846800500005,1,Unfallorte2019_LinRef.csv,
122222,122223,5,5,15,0,2019,9,9,5,2,5,2,0,1,1,0,0,0,0,"405555,251000001100000","5750683,701000001300000",7.627326967000045,51.898897032000036,0,Unfallorte2019_LinRef.csv,
122627,122628,5,5,15,0,2019,10,20,4,3,0,4,1,1,0,1,0,0,0,"404655,391259823930000","5759997,136798581100000",7.611670160000074,51.98245679200005,0,Unfallorte2019_LinRef.csv,
122629,122630,5,5,15,0,2019,10,23,4,3,4,6,2,1,0,0,0,0,0,"406468,779000001030000","5756256,810000000500000",7.639085898000076,51.94914522900007,0,Unfallorte2019_LinRef.csv,
122632,122633,5,5,15,0,2019,10,10,4,3,6,4,0,1,0,1,0,0,0,"405580,505585814830000","5756829,620103130100000",7.626007809000043,51.954143825000074,0,Unfallorte2019_LinRef.csv,
122634,122635,5,5,15,0,2019,10,14,4,3,5,3,0,1,1,0,0,0,0,"403051,202345618980000","5758116,424258122200000",7.588850119000028,51.96527482100004,1,Unfallorte2019_LinRef.csv,
122653,122654,5,5,15,0,2019,9,8,2,3,2,6,0,0,1,0,0,0,0,"405151,550098244100000","5757195,187485532800000",7.619666685000027,51.95735670300007,1,Unfallorte2019_LinRef.csv,
122654,122655,5,5,15,0,2019,9,8,2,3,2,6,0,0,1,0,0,1,0,"406067,480524038900000","5758934,150645716100000",7.632516451000072,51.973142764000045,1,Unfallorte2019_LinRef.csv,
122797,122798,5,5,15,0,2019,10,21,1,3,5,7,2,1,1,0,0,0,0,"407019,326315358280000","5757998,351210190000000",7.646622808000075,51.964891402000035,1,Unfallorte2019_LinRef.csv,
122840,122841,5,5,15,0,2019,10,10,3,3,0,2,0,1,1,0,0,0,0,"403013,915000000040000","5758689,755000000800000",7.588145603000044,51.97042157200008,1,Unfallorte2019_LinRef.csv,
122841,122842,5,5,15,0,2019,10,8,3,3,3,6,0,1,0,0,0,0,0,"405158,728000001050000","5756934,426000002800000",7.619843095000022,51.95501409500008,1,Unfallorte2019_LinRef.csv,
122843,122844,5,5,15,0,2019,10,15,3,3,6,7,0,0,1,1,0,0,0,"406391,720130079430000","5751118,538247168100000",7.639362512000048,51.902946746000055,0,Unfallorte2019_LinRef.csv,
123029,123030,5,5,15,0,2019,10,16,6,3,5,3,0,1,1,0,0,0,0,"403161,410000001080000","5759052,005000000800000",7.590189830000043,51.97370329300003,1,Unfallorte2019_LinRef.csv,
123094,123095,5,5,15,0,2019,10,7,2,3,5,3,1,1,1,0,0,0,0,"405473,398097587750000","5754929,448529129800000",7.624972137000043,51.93704603400005,1,Unfallorte2019_LinRef.csv,
123096,123097,5,5,15,0,2019,10,10,2,3,0,7,0,1,0,1,0,0,0,"404206,634865609930000","5759090,732811207000000",7.605390872000044,51.97423254200004,0,Unfallorte2019_LinRef.csv,
123263,123264,5,5,15,0,2019,10,6,6,3,3,6,2,0,1,0,0,1,0,"400660,424843165090000","5760085,621287079500000",7.553492757000072,51.98255214000005,1,Unfallorte2019_LinRef.csv,
123287,123288,5,5,15,0,2019,10,22,5,3,0,7,2,1,0,0,0,0,0,"405027,289840376940000","5757609,910747701300000",7.617744228000049,51.96106319300003,1,Unfallorte2019_LinRef.csv,
123289,123290,5,5,15,0,2019,10,16,5,2,5,3,0,0,1,0,1,0,0,"409759,513788981360000","5751788,801208844400000",7.688125217000049,51.90952723700008,0,Unfallorte2019_LinRef.csv,
123291,123292,5,5,15,0,2019,10,13,5,2,8,2,0,0,1,0,0,0,0,"406578,558585365300000","5759156,125653756800000",7.639894108000021,51.97522412600006,0,Unfallorte2019_LinRef.csv,
123385,123386,5,5,15,0,2019,10,17,7,2,0,1,0,1,0,0,0,0,0,"407642,406629575420000","5754827,033774096500000",7.65654156100004,51.93648969600008,0,Unfallorte2019_LinRef.csv,
123492,123493,5,5,15,0,2019,10,6,4,3,0,7,2,0,0,0,1,0,0,"411250,639108303930000","5752655,865061473100000",7.709573102000036,51.91756069000007,0,Unfallorte2019_LinRef.csv,
123494,123495,5,5,15,0,2019,10,7,4,3,3,6,0,1,0,0,0,0,0,"406954,083782397210000","5756982,815236713700000",7.645948553000039,51.95575233500006,0,Unfallorte2019_LinRef.csv,
123607,123608,5,5,15,0,2019,10,15,6,3,3,2,0,1,1,0,0,0,0,"409878,451000001280000","5761082,108000002800000",7.687416745000064,51.993081018000055,1,Unfallorte2019_LinRef.csv,
123717,123718,5,5,15,0,2019,10,20,3,2,0,6,2,0,1,0,0,0,0,"400743,202664135960000","5753582,943899575600000",7.556575971000029,51.92411976100004,0,Unfallorte2019_LinRef.csv,
123785,123786,5,5,15,0,2019,10,3,5,2,0,1,2,1,0,0,0,0,0,"403211,292106604200000","5755255,444422813100000",7.59198536100007,51.939587336000045,1,Unfallorte2019_LinRef.csv,
123787,123788,5,5,15,0,2019,10,14,5,3,1,6,0,0,1,0,0,0,0,"403207,761000000870000","5755252,723999999500000",7.591934776000073,51.93956227000007,1,Unfallorte2019_LinRef.csv,
123790,123791,5,5,15,0,2019,10,15,5,3,2,1,0,0,1,0,0,0,0,"405579,595689580780000","5759103,661448031700000",7.62536932200004,51.974583720000055,1,Unfallorte2019_LinRef.csv,
123953,123954,5,5,15,0,2019,10,15,2,3,6,7,0,1,0,1,0,0,0,"406274,032805736180000","5757400,590482574000000",7.63594114700004,51.95939329400005,0,Unfallorte2019_LinRef.csv,
123955,123956,5,5,15,0,2019,10,17,2,3,3,7,0,0,1,0,0,1,0,"406003,358189043590000","5755004,864343131000000",7.632658194000044,51.93781368100008,0,Unfallorte2019_LinRef.csv,
123957,123958,5,5,15,0,2019,10,7,2,3,2,6,2,0,1,0,0,0,0,"402698,144999999550000","5754857,315000005100000",7.584635542000058,51.93591932800007,0,Unfallorte2019_LinRef.csv,
124024,124025,5,5,15,0,2019,10,17,4,3,2,7,0,0,1,0,0,0,0,"409660,866675821130000","5758768,616149922800000",7.684857874000045,51.97225058200007,0,Unfallorte2019_LinRef.csv,
124026,124027,5,5,15,0,2019,10,7,4,3,2,6,2,0,1,0,0,0,0,"401515,334985093210000","5758999,068861734100000",7.566248924000036,51.972938225000064,1,Unfallorte2019_LinRef.csv,
124028,124029,5,5,15,0,2019,10,17,4,3,6,1,1,1,0,1,0,0,0,"405235,024948409760000","5759114,177136380200000",7.620351514000049,51.97461958700006,1,Unfallorte2019_LinRef.csv,
124031,124032,5,5,15,0,2019,10,10,4,3,6,4,0,1,0,1,0,0,0,"406609,351181931790000","5757157,998848687900000",7.640885731000026,51.95726918400004,0,Unfallorte2019_LinRef.csv,
124033,124034,5,5,15,0,2019,10,21,4,3,4,6,2,1,0,0,0,0,0,"409048,106337529610000","5758599,460422186200000",7.675984797000069,51.97063016700008,1,Unfallorte2019_LinRef.csv,
124035,124036,5,5,15,0,2019,10,19,4,3,1,7,2,1,1,0,0,0,0,"405719,610148339530000","5753810,636484479500000",7.628859128000045,51.92703137800004,1,Unfallorte2019_LinRef.csv,
124148,124149,5,5,15,0,2019,10,13,1,3,2,6,0,0,1,0,0,0,0,"399465,977456651630000","5752382,100116111300000",7.538359258000071,51.91309721500005,1,Unfallorte2019_LinRef.csv,
124150,124151,5,5,15,0,2019,10,23,1,3,5,3,2,1,1,0,0,0,0,"404073,369518542660000","5754981,207168038900000",7.604598714000076,51.93727167800006,1,Unfallorte2019_LinRef.csv,
124368,124369,5,5,15,0,2019,10,5,7,2,0,1,2,1,0,0,0,0,0,"406617,478367908860000","5757653,656010737600000",7.640869225000074,51.96172575800006,1,Unfallorte2019_LinRef.csv,
124455,124456,5,5,15,0,2019,10,16,6,3,2,6,0,0,1,0,0,0,0,"407416,312957215120000","5755080,087397109700000",7.653185604000043,51.93872671500003,0,Unfallorte2019_LinRef.csv,
124457,124458,5,5,15,0,2019,10,11,6,2,6,2,0,1,0,1,0,0,0,"406598,911134973170000","5751221,035294141600000",7.642345431000024,51.90390282200008,0,Unfallorte2019_LinRef.csv,
124532,124533,5,5,15,0,2019,10,8,5,3,0,6,0,0,1,0,0,1,0,"400127,066100819040000","5757188,032127227600000",7.546572034000064,51.95641267000008,0,Unfallorte2019_LinRef.csv,
124626,124627,5,5,15,0,2019,10,8,3,3,5,2,0,1,0,0,0,1,0,"405972,652820154090000","5752312,597434286000000",7.632947175000027,51.913609026000074,0,Unfallorte2019_LinRef.csv,
124627,124628,5,5,15,0,2019,10,2,3,3,7,2,2,1,0,0,0,0,0,"405610,230889315720000","5756973,465075174300000",7.626400722000028,51.95544181400004,0,Unfallorte2019_LinRef.csv,
124718,124719,5,5,15,0,2019,10,12,2,3,2,6,0,0,1,0,0,0,0,"401173,928718335930000","5761888,611508699100000",7.560447795000073,51.99884923800005,0,Unfallorte2019_LinRef.csv,
124720,124721,5,5,15,0,2019,10,14,2,3,5,3,0,1,1,0,0,0,0,"405092,451772007160000","5759105,851800264800000",7.618278797000073,51.97452042500004,0,Unfallorte2019_LinRef.csv,
124832,124833,5,5,15,0,2019,10,7,1,3,0,3,0,1,1,0,0,0,0,"404125,007018477660000","5748865,765519291200000",7.607051562000038,51.882312332000026,1,Unfallorte2019_LinRef.csv,
124845,124846,5,5,15,0,2019,10,18,2,3,5,3,2,1,1,0,0,0,0,"405447,854729336690000","5755196,332186412100000",7.624527316000069,51.93944056700008,0,Unfallorte2019_LinRef.csv,
124881,124882,5,5,15,0,2019,10,17,7,3,2,6,0,0,1,0,0,0,0,"406077,338953915050000","5756742,312461663000000",7.633259362000047,51.953443195000034,0,Unfallorte2019_LinRef.csv,
124908,124909,5,5,15,0,2019,10,15,2,3,2,1,0,0,0,0,1,0,1,"408233,442495159800000","5760653,320719774800000",7.663579617000039,51.988957467000034,1,Unfallorte2019_LinRef.csv,
124923,124924,5,5,15,0,2019,10,12,2,3,5,7,0,0,0,0,1,0,1,"406354,197467136200000","5757349,304521724600000",7.637121463000028,51.958945819000064,0,Unfallorte2019_LinRef.csv,
124969,124970,5,5,15,0,2019,10,12,2,3,3,7,0,1,1,0,0,0,0,"404643,797761144120000","5756657,297323111400000",7.612428957000077,51.952435097000034,0,Unfallorte2019_LinRef.csv,
124981,124982,5,5,15,0,2019,10,9,6,3,0,7,0,1,1,0,0,0,0,"403694,536981939340000","5759591,298144228800000",7.597797417000038,51.97864326500007,0,Unfallorte2019_LinRef.csv,
125049,125050,5,5,15,0,2019,10,17,2,3,6,7,1,0,1,1,0,0,0,"408701,625347794030000","5753414,396709425400000",7.672319566000056,51.92396678800003,0,Unfallorte2019_LinRef.csv,
125094,125095,5,5,15,0,2019,10,16,2,3,5,2,0,1,1,0,0,0,0,"406259,276255899110000","5757409,923976937300000",7.635723904000031,51.959474700000044,0,Unfallorte2019_LinRef.csv,
125153,125154,5,5,15,0,2019,10,18,4,3,2,6,2,0,1,0,0,0,0,"405575,798215247690000","5754350,009920850400000",7.626620281000044,51.931855151000036,0,Unfallorte2019_LinRef.csv,
125185,125186,5,5,15,0,2019,10,11,3,3,3,6,0,0,1,0,0,0,0,"406331,104000001210000","5758856,545000001800000",7.636374322000052,51.972489705000044,0,Unfallorte2019_LinRef.csv,
125254,125255,5,5,15,0,2019,10,17,4,3,2,6,1,0,1,0,0,0,1,"405595,390099565500000","5754324,634133108000000",7.626912115000039,51.93163038400007,0,Unfallorte2019_LinRef.csv,
125352,125353,5,5,15,0,2019,10,20,5,3,0,7,2,0,0,0,0,0,1,"403848,489563697020000","5759437,871035300200000",7.600081227000032,51.977290878000076,0,Unfallorte2019_LinRef.csv,
125388,125389,5,5,15,0,2019,10,18,3,3,2,6,2,0,1,0,0,0,0,"405629,993666001600000","5754177,185378503100000",7.627455699000052,51.93031091200004,0,Unfallorte2019_LinRef.csv,
125528,125529,5,5,15,0,2019,11,12,2,2,3,6,0,0,1,0,0,1,0,"404952,774084053930000","5767529,781120821800000",7.61390786100003,52.05021344600004,0,Unfallorte2019_LinRef.csv,
125601,125602,5,5,15,0,2019,11,19,7,2,0,7,2,0,1,0,0,0,0,"401008,837454855440000","5760642,833856243600000",7.558403522000049,51.98762263100008,0,Unfallorte2019_LinRef.csv,
125602,125603,5,5,15,0,2019,11,16,7,3,5,2,0,1,0,0,0,0,1,"405019,897000000810000","5757700,724000001300000",7.617611551000039,51.96187819600004,0,Unfallorte2019_LinRef.csv,
125723,125724,5,5,15,0,2019,11,16,6,3,2,6,1,0,1,0,0,0,1,"398639,770029394890000","5752087,573648251600000",7.526438160000055,51.91030022500007,1,Unfallorte2019_LinRef.csv,
125794,125795,5,5,15,0,2019,11,10,2,3,5,3,0,1,1,0,0,0,0,"407027,621319204570000","5760009,587302869200000",7.646198694000077,51.98297076000006,1,Unfallorte2019_LinRef.csv,
125928,125929,5,5,15,0,2019,11,19,4,3,1,6,2,0,1,0,0,0,0,"408786,627673015930000","5751455,745849557200000",7.674074088000054,51.90637503900007,0,Unfallorte2019_LinRef.csv,
125929,125930,5,5,15,0,2019,11,21,4,3,6,7,2,1,0,1,0,0,0,"406101,223000000230000","5757382,790000001000000",7.633431765000069,51.959204138000075,0,Unfallorte2019_LinRef.csv,
125930,125931,5,5,15,0,2019,11,17,4,3,6,2,2,0,1,1,0,0,0,"410803,655479398560000","5760164,941205833100000",7.701126771000077,51.98498628700003,1,Unfallorte2019_LinRef.csv,
125931,125932,5,5,15,0,2019,11,13,4,2,6,4,0,0,1,1,0,0,0,"407077,336786583070000","5757672,728251664000000",7.647555028000056,51.96197423800004,0,Unfallorte2019_LinRef.csv,
125956,125957,5,5,15,0,2019,11,17,6,3,5,2,2,1,1,0,0,0,0,"404785,940540856680000","5758300,387199968100000",7.614041241000052,51.96722818000006,1,Unfallorte2019_LinRef.csv,
125958,125959,5,5,15,0,2019,11,13,6,2,5,3,0,1,1,0,0,0,0,"405736,759180402380000","5753740,858998397400000",7.629127565000033,51.92640708700003,0,Unfallorte2019_LinRef.csv,
125960,125961,5,5,15,0,2019,11,7,6,3,1,6,0,0,1,0,0,0,0,"412805,568584227930000","5754707,252290193000000",7.731656197000064,51.93624598800005,0,Unfallorte2019_LinRef.csv,
125961,125962,5,5,15,0,2019,11,10,6,3,5,2,0,1,0,0,0,0,0,"406160,816490875560000","5757437,455821653800000",7.634283866000033,51.95970556100008,1,Unfallorte2019_LinRef.csv,
126077,126078,5,5,15,0,2019,11,17,4,3,1,6,2,0,1,0,0,0,1,"405890,725019345060000","5754976,894468346600000",7.631027910000057,51.93754323600007,0,Unfallorte2019_LinRef.csv,
126108,126109,5,5,15,0,2019,11,11,3,3,6,4,0,1,0,1,0,0,0,"406579,758999999610000","5751215,374000001700000",7.642068659000074,51.90384872300007,1,Unfallorte2019_LinRef.csv,
126109,126110,5,5,15,0,2019,11,13,3,3,5,3,0,1,1,0,0,0,0,"403186,337584769350000","5759055,770971091500000",7.590551554000058,51.97374148600005,1,Unfallorte2019_LinRef.csv,
126110,126111,5,5,15,0,2019,11,9,3,3,0,2,0,1,1,0,0,0,0,"403124,867191882800000","5758122,015695219900000",7.589920428000028,51.96533792100007,0,Unfallorte2019_LinRef.csv,
126208,126209,5,5,15,0,2019,11,16,5,3,3,7,0,0,1,0,0,0,1,"406765,597140504980000","5758564,146085180300000",7.642777140000021,51.96993454400007,1,Unfallorte2019_LinRef.csv,
126210,126211,5,5,15,0,2019,11,18,5,3,4,6,2,0,1,0,0,0,0,"403966,671590481880000","5749162,191714959200000",7.604669368000032,51.88494950000006,1,Unfallorte2019_LinRef.csv,
126213,126214,5,5,15,0,2019,11,17,5,2,5,3,2,0,1,0,0,0,0,"404005,822327955630000","5758510,426721137000000",7.602630562000059,51.96898191100007,1,Unfallorte2019_LinRef.csv,
126215,126216,5,5,15,0,2019,11,16,5,3,5,2,1,1,0,0,0,0,1,"409097,491939974020000","5756974,709725223500000",7.67713357100007,51.95603398700007,0,Unfallorte2019_LinRef.csv,
126218,126219,5,5,15,0,2019,11,16,5,2,6,4,1,0,1,1,0,0,0,"402182,168334060350000","5757453,113944502500000",7.576393907000067,51.959160593000036,1,Unfallorte2019_LinRef.csv,
126220,126221,5,5,15,0,2019,11,12,5,3,3,1,0,0,1,0,0,0,1,"406766,175913097340000","5758563,430654598400000",7.64278575700007,51.96992821100008,0,Unfallorte2019_LinRef.csv,
126302,126303,5,5,15,0,2019,11,15,2,3,5,3,0,1,1,0,0,0,0,"411345,671000001020000","5752627,903000000900000",7.710961698000062,51.917324482000026,0,Unfallorte2019_LinRef.csv,
126303,126304,5,5,15,0,2019,11,7,2,3,5,3,0,1,1,0,0,0,0,"404211,457999999630000","5756332,520000001400000",7.606230315000062,51.949441583000066,0,Unfallorte2019_LinRef.csv,
126413,126414,5,5,15,0,2019,11,19,4,2,8,7,2,1,0,0,0,0,0,"410661,119305944070000","5753299,785724846600000",7.700836690000074,51.92325447400003,0,Unfallorte2019_LinRef.csv,
126479,126480,5,5,15,0,2019,11,19,1,3,5,2,2,1,1,0,0,0,0,"406039,407019293870000","5756774,218522641800000",7.632698831000027,51.95372357400004,0,Unfallorte2019_LinRef.csv,
126589,126590,5,5,15,0,2019,11,16,7,3,1,6,0,0,1,0,0,0,0,"405232,047302576710000","5756947,505821988000000",7.620906116000072,51.95514416100008,0,Unfallorte2019_LinRef.csv,
126590,126591,5,5,15,0,2019,11,15,7,3,2,6,0,0,1,0,0,0,0,"406225,982441577130000","5757578,193562265500000",7.635193565000066,51.96098157200004,0,Unfallorte2019_LinRef.csv,
126591,126592,5,5,15,0,2019,11,10,7,3,6,7,0,0,1,1,0,0,0,"405436,608000000940000","5751217,390999998900000",7.625456706000023,51.90367399400003,1,Unfallorte2019_LinRef.csv,
126592,126593,5,5,15,0,2019,11,9,7,3,2,1,0,0,1,0,0,0,0,"405150,935999999750000","5757192,524000000200000",7.619658486000049,51.95733265800004,0,Unfallorte2019_LinRef.csv,
126620,126621,5,5,15,0,2019,11,8,3,3,2,1,0,0,1,0,0,0,0,"400070,440424648110000","5761048,403555369000000",7.544624313000043,51.99109989300007,1,Unfallorte2019_LinRef.csv,
126622,126623,5,5,15,0,2019,11,19,3,2,6,2,2,0,0,1,0,0,1,"406036,879999999890000","5756775,975000001500000",7.632661589000065,51.95373893500005,0,Unfallorte2019_LinRef.csv,
126624,126625,5,5,15,0,2019,11,19,3,3,4,3,2,0,1,0,0,0,0,"404940,605058533140000","5756370,299883041500000",7.616825955000024,51.94990625600008,1,Unfallorte2019_LinRef.csv,
126626,126627,5,5,15,0,2019,11,7,3,3,8,7,0,0,1,0,0,0,0,"411669,230985273610000","5755366,690264005200000",7.714961944000038,51.94199432400006,1,Unfallorte2019_LinRef.csv,
126627,126628,5,5,15,0,2019,11,7,3,2,6,4,2,0,1,1,0,0,0,"402143,344121894800000","5749759,887333083900000",7.57801622900007,51.890004744000066,1,Unfallorte2019_LinRef.csv,
126788,126789,5,5,15,0,2019,11,9,2,3,4,2,0,1,1,0,0,0,0,"406039,870665002610000","5756773,896252367600000",7.632705664000071,51.95372075500006,1,Unfallorte2019_LinRef.csv,
126791,126792,5,5,15,0,2019,11,5,2,2,5,3,2,0,1,0,0,0,1,"404687,676100001670000","5759085,980000004200000",7.612393212000029,51.97427253400008,1,Unfallorte2019_LinRef.csv,
126792,126793,5,5,15,0,2019,11,7,2,3,6,2,2,0,1,1,0,0,0,"405032,109000001100000","5758076,655000004900000",7.617685278000067,51.96525929900008,1,Unfallorte2019_LinRef.csv,
126793,126794,5,5,15,0,2019,11,19,6,3,5,2,2,1,0,0,0,0,0,"405361,463201602920000","5755808,409505019000000",7.623102488000029,51.944927506000056,0,Unfallorte2019_LinRef.csv,
126794,126795,5,5,15,0,2019,11,8,2,3,5,3,0,1,1,0,0,0,0,"403942,273813805540000","5758261,947587255400000",7.601775314000065,51.96673752000004,1,Unfallorte2019_LinRef.csv,
126795,126796,5,5,15,0,2019,11,17,6,3,2,6,2,0,1,0,0,0,0,"401461,159959511830000","5759073,735433537500000",7.565439069000036,51.973599739000065,0,Unfallorte2019_LinRef.csv,
126796,126797,5,5,15,0,2019,11,20,2,3,5,2,2,1,1,0,0,0,0,"406960,506181269880000","5758309,681287372500000",7.645682553000029,51.96767995000005,1,Unfallorte2019_LinRef.csv,
126797,126798,5,5,15,0,2019,11,7,6,3,2,6,0,0,1,0,0,0,0,"407864,308571110480000","5756788,466928357300000",7.659242782000035,51.95415697800007,0,Unfallorte2019_LinRef.csv,
126798,126799,5,5,15,0,2019,11,17,2,3,6,2,2,0,1,1,0,0,0,"405894,564984941860000","5755915,744342505900000",7.630826813000056,51.94598271800004,1,Unfallorte2019_LinRef.csv,
126800,126801,5,5,15,0,2019,11,15,2,3,0,1,0,1,0,0,0,0,0,"403906,735077914780000","5758072,189587898600000",7.601311279000072,51.96502577100006,1,Unfallorte2019_LinRef.csv,
126803,126804,5,5,15,0,2019,11,16,2,3,5,2,2,1,1,0,0,0,0,"401690,307000000030000","5753655,597999999300000",7.570323659000053,51.92494084700007,1,Unfallorte2019_LinRef.csv,
126804,126805,5,5,15,0,2019,11,15,2,3,3,6,1,1,0,0,0,0,0,"405426,247886611150000","5755348,989144595300000",7.624171112000056,51.94080904600003,1,Unfallorte2019_LinRef.csv,
127041,127042,5,5,15,0,2019,11,18,5,3,2,6,2,0,1,0,0,0,0,"406940,040478980170000","5756955,967824563400000",7.645751521000022,51.95550866700006,0,Unfallorte2019_LinRef.csv,
127044,127045,5,5,15,0,2019,11,17,5,2,6,7,2,1,0,1,0,0,0,"406755,566702099520000","5751248,998436259100000",7.644614281000031,51.90418041200007,0,Unfallorte2019_LinRef.csv,
127046,127047,5,5,15,0,2019,11,16,5,3,1,6,1,0,1,0,0,0,0,"411506,293000000530000","5754934,427999999400000",7.712703399000077,51.938082921000046,0,Unfallorte2019_LinRef.csv,
127224,127225,5,5,15,0,2019,11,12,7,3,5,2,0,1,1,0,0,0,0,"405947,204163147140000","5756805,757978769000000",7.631348888000048,51.95399147900008,0,Unfallorte2019_LinRef.csv,
127226,127227,5,5,15,0,2019,11,16,7,2,0,1,0,1,0,0,0,0,0,"405815,810269248670000","5753414,013202751100000",7.630366288000062,51.92348261400008,0,Unfallorte2019_LinRef.csv,
127227,127228,5,5,15,0,2019,11,14,7,3,0,5,0,1,1,0,0,0,0,"405919,350097696300000","5756063,127051178400000",7.631146973000057,51.94731165500008,0,Unfallorte2019_LinRef.csv,
127229,127230,5,5,15,0,2019,11,9,7,3,1,6,0,0,1,0,0,0,0,"401696,811041952110000","5753655,297787645800000",7.570418299000039,51.92493929700004,0,Unfallorte2019_LinRef.csv,
127231,127232,5,5,15,0,2019,11,17,7,3,5,7,2,1,1,0,0,0,0,"402698,888009386140000","5753879,217784311600000",7.584922950000021,51.92712800800007,0,Unfallorte2019_LinRef.csv,
127233,127234,5,5,15,0,2019,11,10,7,3,6,4,0,1,0,1,0,0,0,"405587,977140439670000","5756866,682964390100000",7.626106318000041,51.95447823100005,0,Unfallorte2019_LinRef.csv,
127399,127400,5,5,15,0,2019,11,17,4,3,6,7,2,0,1,1,0,0,0,"411548,809999999590000","5761237,050000002600000",7.71169814700005,51.99474229900005,0,Unfallorte2019_LinRef.csv,
127400,127401,5,5,15,0,2019,11,17,4,3,2,6,2,0,1,0,0,0,0,"404238,127614654600000","5758957,261073332300000",7.605886453000039,51.97303828100007,0,Unfallorte2019_LinRef.csv,
127403,127404,5,5,15,0,2019,11,16,4,3,5,2,1,1,0,0,0,0,1,"405211,724589333870000","5750119,979369552800000",7.622490648000053,51.89377168000004,0,Unfallorte2019_LinRef.csv,
127427,127428,5,5,15,0,2019,11,19,6,2,8,1,2,0,1,0,0,0,0,"413028,942404056900000","5752639,140361748600000",7.735427207000043,51.91769093800008,1,Unfallorte2019_LinRef.csv,
127595,127596,5,5,15,0,2019,11,8,3,3,2,6,0,0,1,0,0,0,0,"400194,255847537890000","5756439,167308991800000",7.54776699100006,51.94969383200004,1,Unfallorte2019_LinRef.csv,
127597,127598,5,5,15,0,2019,11,12,3,3,2,2,0,1,1,0,0,0,0,"404946,843935472890000","5756840,114317033400000",7.616786758000046,51.95413020700005,1,Unfallorte2019_LinRef.csv,
127723,127724,5,5,15,0,2019,11,7,5,3,5,2,0,1,1,0,0,0,0,"405362,025467283090000","5755731,569724045700000",7.623131817000058,51.944236931000034,0,Unfallorte2019_LinRef.csv,
127726,127727,5,5,15,0,2019,11,15,5,3,2,1,0,0,1,0,0,0,0,"404811,494681226090000","5761202,697734985500000",7.613607866000052,51.993319556000074,0,Unfallorte2019_LinRef.csv,
127797,127798,5,5,15,0,2019,11,20,3,3,2,2,2,1,1,0,0,0,0,"407701,160000000150000","5758539,449000001000000",7.656398797000065,51.96986870300003,1,Unfallorte2019_LinRef.csv,
127798,127799,5,5,15,0,2019,11,12,3,3,5,3,0,1,1,0,0,0,0,"399935,726475016210000","5761104,471248781300000",7.54264665900007,51.99157957800003,0,Unfallorte2019_LinRef.csv,
127908,127909,5,5,15,0,2019,11,16,2,2,3,1,1,1,0,0,0,0,0,"405034,552117504180000","5757824,911082040500000",7.617790444000036,51.962996942000075,0,Unfallorte2019_LinRef.csv,
127909,127910,5,5,15,0,2019,11,8,2,3,0,2,0,1,1,0,0,0,0,"403052,591000000010000","5758116,297000000300000",7.588870361000033,51.965273919000026,0,Unfallorte2019_LinRef.csv,
127910,127911,5,5,15,0,2019,11,12,2,3,5,2,0,1,1,0,0,0,0,"405506,735534689390000","5751878,995674211500000",7.62629430100003,51.90963273700004,0,Unfallorte2019_LinRef.csv,
127911,127912,5,5,15,0,2019,11,20,2,3,6,2,2,0,1,1,0,0,0,"400899,906565696930000","5762013,159171050400000",7.556421598000043,51.99991984500008,0,Unfallorte2019_LinRef.csv,
127912,127913,5,5,15,0,2019,11,16,2,2,5,2,1,1,1,0,0,0,0,"405775,058133949530000","5757998,032999105800000",7.628517561000024,51.964679036000064,1,Unfallorte2019_LinRef.csv,
128005,128006,5,5,15,0,2019,11,13,1,3,2,6,0,0,1,0,0,0,0,"404412,535232305530000","5766254,421573458200000",7.606388621000065,52.038657311000065,0,Unfallorte2019_LinRef.csv,