,OBJECTID,ULAND,UREGBEZ,UKREIS,UGEMEINDE,UJAHR,UMONAT,USTUNDE,UWOCHENTAG,UKATEGORIE,UART,UTYP1,ULICHTVERH,IstRad,IstPKW,IstFuss,IstKrad,IstGkfz,IstSonstige,LINREFX,LINREFY,XGCSWGS84,YGCSWGS84,STRZUSTAND,source_file,UIDENTSTLAE
128049,128050,5,5,15,0,2019,11,18,5,3,2,6,2,0,1,0,0,1,0,"400638,571003228430000","5760004,303901447000000",7.553198200000054,51.981817342000056,1,Unfallorte2019_LinRef.csv,
128052,128053,5,5,15,0,2019,11,16,5,3,0,3,0,1,1,0,0,0,0,"408662,830188676710000","5753497,877424456200000",7.671733410000059,51.92471080400003,1,Unfallorte2019_LinRef.csv,
128053,128054,5,5,15,0,2019,11,9,5,3,1,6,0,0,1,0,0,0,0,"405425,253522806800000","5755355,915170423700000",7.624154746000045,51.94087113100005,1,Unfallorte2019_LinRef.csv,
128054,128055,5,5,15,0,2019,11,17,5,3,8,1,2,0,1,0,0,0,0,"412051,569000000130000","5759949,502999998600000",7.719349129000023,51.983248744000036,1,Unfallorte2019_LinRef.csv,
128055,128056,5,5,15,0,2019,11,11,5,2,2,6,0,0,1,0,0,0,1,"407044,067439007570000","5757871,384098889300000",7.647017186000028,51.96375429500006,1,Unfallorte2019_LinRef.csv,
128208,128209,5,5,15,0,2019,11,18,4,3,5,2,2,1,1,0,0,0,0,"405517,973237213680000","5754618,323560152200000",7.625705804000063,51.93425706700003,1,Unfallorte2019_LinRef.csv,
128209,128210,5,5,15,0,2019,11,9,4,3,5,2,0,1,1,0,0,0,0,"405927,784897007980000","5756691,396687477800000",7.63109769600004,51.95296026300008,1,Unfallorte2019_LinRef.csv,
128304,128305,5,5,15,0,2019,12,7,2,3,1,3,1,1,1,0,0,0,0,"404319,133274229240000","5759038,967119470200000",7.607042589000059,51.97378663500007,0,Unfallorte2019_LinRef.csv,
128308,128309,5,5,15,0,2019,12,19,2,3,0,2,2,0,1,0,0,0,0,"406607,063000000080000","5757159,714000001500000",7.640851975000032,51.95728421600006,0,Unfallorte2019_LinRef.csv,
128309,128310,5,5,15,0,2019,12,16,2,2,2,6,1,1,0,0,0,0,0,"402482,587206056340000","5754768,891701927400000",7.581526116000021,51.93508682100003,0,Unfallorte2019_LinRef.csv,
128548,128549,5,5,15,0,2019,11,9,6,3,5,2,0,1,1,0,0,0,0,"405449,743999999950000","5758145,273000001900000",7.623743413000057,51.96594725600005,0,Unfallorte2019_LinRef.csv,
128549,128550,5,5,15,0,2019,11,20,6,3,1,6,2,0,1,0,0,0,0,"407929,370826257390000","5754500,678350640500000",7.660801935000052,51.93360377100004,1,Unfallorte2019_LinRef.csv,
128550,128551,5,5,15,0,2019,11,10,6,3,2,6,0,0,1,0,0,0,0,"399783,241000000390000","5757057,061999997100000",7.541608376000056,51.955173638000076,0,Unfallorte2019_LinRef.csv,
128690,128691,5,5,15,0,2019,12,18,4,3,1,7,2,0,1,0,0,0,0,"408215,788292417300000","5751410,794045239700000",7.665790461000029,51.90587722300006,1,Unfallorte2019_LinRef.csv,
128691,128692,5,5,15,0,2019,12,15,4,3,3,3,0,1,1,0,0,0,0,"408723,522000000810000","5761851,518000001100000",7.670395656000039,51.999808270000074,0,Unfallorte2019_LinRef.csv,
128692,128693,5,5,15,0,2019,12,8,4,3,5,2,0,1,1,0,0,0,0,"408056,057429024950000","5754360,771018970800000",7.662681482000039,51.93236714300008,0,Unfallorte2019_LinRef.csv,
128693,128694,5,5,15,0,2019,12,15,4,3,8,1,0,0,0,0,0,0,1,"400263,920937011950000","5761331,067769579600000",7.547358958000075,51.99367528000005,0,Unfallorte2019_LinRef.csv,
128694,128695,5,5,15,0,2019,12,18,4,2,2,6,2,0,1,0,0,0,0,"399477,395187597720000","5761327,647909313400000",7.535908359000075,51.993502730000046,0,Unfallorte2019_LinRef.csv,
128845,128846,5,5,15,0,2019,12,18,3,3,5,7,2,1,1,0,0,0,0,"408147,039149824530000","5751405,737981833500000",7.664792739000063,51.90582044400003,0,Unfallorte2019_LinRef.csv,
128872,128873,5,5,15,0,2019,12,5,5,2,6,4,2,0,1,1,0,0,0,"405090,580516369080000","5759105,751264657800000",7.618251591000046,51.97451920200007,2,Unfallorte2019_LinRef.csv,
129089,129090,5,5,15,0,2019,12,16,7,2,6,4,2,0,1,1,0,0,0,"407527,559705618770000","5761216,484802132500000",7.653150832000051,51.99390238700005,1,Unfallorte2019_LinRef.csv,
129090,129091,5,5,15,0,2019,12,10,7,3,5,3,0,1,1,0,0,0,0,"405578,328000000680000","5756998,951000003100000",7.625929598000028,51.955665476000036,1,Unfallorte2019_LinRef.csv,
129091,129092,5,5,15,0,2019,12,10,7,3,6,6,0,1,0,1,0,0,0,"406500,288802023050000","5757658,685966534500000",7.639162746000068,51.96175127400005,1,Unfallorte2019_LinRef.csv,
129178,129179,5,5,15,0,2019,12,14,6,3,2,1,0,0,1,0,0,0,0,"399375,631128516980000","5752358,899757029500000",7.537052974000062,51.91287237000006,1,Unfallorte2019_LinRef.csv,
129181,129182,5,5,15,0,2019,12,11,6,3,2,6,0,0,1,0,0,0,0,"405099,968194405550000","5756673,589452218300000",7.619060311000055,51.952659563000054,1,Unfallorte2019_LinRef.csv,
129183,129184,5,5,15,0,2019,12,9,6,3,1,7,2,1,1,0,0,0,0,"404915,907738279550000","5761189,697681220200000",7.615131736000024,51.993220594000036,1,Unfallorte2019_LinRef.csv,
129187,129188,5,5,15,0,2019,12,12,6,3,3,2,0,1,1,0,0,0,0,"405117,371744953100000","5756687,294278074100000",7.619309696000073,51.95278571700004,1,Unfallorte2019_LinRef.csv,
129233,129234,5,5,15,0,2019,12,16,2,3,2,6,1,0,1,0,0,0,1,"409182,027382311410000","5758635,756734641300000",7.677924163000057,51.97097832000003,1,Unfallorte2019_LinRef.csv,
129237,129238,5,5,15,0,2019,12,16,2,3,5,2,1,0,1,0,1,0,0,"405303,276753285900000","5758215,422066133500000",7.62159278200005,51.96655285200006,1,Unfallorte2019_LinRef.csv,
129238,129239,5,5,15,0,2019,12,16,2,3,2,6,1,0,1,0,0,0,0,"406905,363419489940000","5755800,573517365400000",7.645559999000057,51.945117578000065,1,Unfallorte2019_LinRef.csv,
129241,129242,5,5,15,0,2019,12,7,2,3,2,1,2,0,1,0,0,0,0,"401787,893285165540000","5757205,471635887400000",7.570728491000068,51.95686522700004,1,Unfallorte2019_LinRef.csv,
129391,129392,5,5,15,0,2019,12,7,4,3,5,2,2,1,1,0,0,0,0,"409844,887273781930000","5751858,098177937800000",7.689347851000036,51.91016395400004,1,Unfallorte2019_LinRef.csv,
129392,129393,5,5,15,0,2019,12,19,4,3,4,2,2,0,1,0,0,0,0,"407013,103000000120000","5757122,621999999500000",7.646769332000076,51.95701886200004,1,Unfallorte2019_LinRef.csv,
129393,129394,5,5,15,0,2019,12,7,4,3,6,4,2,0,1,1,0,0,0,"406391,780065120200000","5756346,974957533200000",7.637941320000039,51.94994272300005,1,Unfallorte2019_LinRef.csv,
129394,129395,5,5,15,0,2019,12,12,4,3,0,3,0,1,0,0,0,0,1,"402341,390175865960000","5760933,640999777200000",7.577720002000035,51.99047234600005,1,Unfallorte2019_LinRef.csv,
129395,129396,5,5,15,0,2019,12,7,4,3,5,2,2,1,1,0,0,0,0,"410231,967083139350000","5751950,920991407700000",7.694949350000059,51.91106083400007,1,Unfallorte2019_LinRef.csv,
129561,129562,5,5,15,0,2019,12,6,3,3,3,2,2,1,1,0,0,0,0,"408454,455824344420000","5756500,363994527600000",7.667904831000044,51.951664797000035,1,Unfallorte2019_LinRef.csv,
129563,129564,5,5,15,0,2019,12,10,3,3,6,5,0,1,0,1,0,0,0,"405563,531023228540000","5756748,316479934400000",7.625783217000048,51.95341015000008,0,Unfallorte2019_LinRef.csv,
129564,129565,5,5,15,0,2019,12,7,3,3,0,1,2,1,0,0,0,0,0,"404516,865921602580000","5758342,280393797900000",7.610114119000059,51.967558576000044,1,Unfallorte2019_LinRef.csv,
129566,129567,5,5,15,0,2019,12,8,3,3,0,2,0,0,0,0,1,0,0,"407249,895999999720000","5751159,985999999600000",7.651821573000063,51.90346283000008,2,Unfallorte2019_LinRef.csv,
129621,129622,5,5,15,0,2019,12,9,5,3,2,6,0,0,1,0,1,0,0,"405588,595627725120000","5754353,263376345900000",7.626805466000064,51.93188656500007,1,Unfallorte2019_LinRef.csv,
129622,129623,5,5,15,0,2019,12,7,5,3,5,7,2,1,1,0,0,0,0,"406447,668613912540000","5750769,031019331900000",7.640270366000038,51.899814571000036,1,Unfallorte2019_LinRef.csv,
129627,129628,5,5,15,0,2019,12,17,5,3,5,3,2,1,1,0,0,0,0,"404979,295408288020000","5758200,118712961700000",7.616882621000059,51.96636001400003,0,Unfallorte2019_LinRef.csv,
129860,129861,5,5,15,0,2019,12,7,3,3,5,2,2,1,1,0,0,0,0,"407661,814458773470000","5758360,944625083400000",7.655874222000023,51.968257676000064,0,Unfallorte2019_LinRef.csv,
130054,130055,5,5,15,0,2019,12,13,6,3,5,3,0,1,1,0,0,0,0,"412769,932926763780000","5753044,804925525600000",7.731559387000061,51.92129689300003,1,Unfallorte2019_LinRef.csv,
130056,130057,5,5,15,0,2019,12,8,6,2,6,7,1,1,0,1,0,0,0,"405407,586000000130000","5751710,047000000300000",7.624899740000046,51.90809731200005,0,Unfallorte2019_LinRef.csv,
130058,130059,5,5,15,0,2019,12,12,6,3,0,1,0,1,0,0,0,0,0,"407068,604020216500000","5757437,696162127000000",7.647491556000034,51.95986018900004,1,Unfallorte2019_LinRef.csv,
130061,130062,5,5,15,0,2019,12,13,2,3,5,1,0,0,1,0,0,0,0,"399772,542358919050000","5757061,523666985300000",7.54145143900007,51.95521181200007,0,Unfallorte2019_LinRef.csv,
130063,130064,5,5,15,0,2019,12,14,2,3,5,3,0,1,0,0,0,0,0,"404657,608373337430000","5758307,426754081600000",7.612171844000045,51.96726945700004,0,Unfallorte2019_LinRef.csv,
130247,130248,5,5,15,0,2019,12,7,5,3,5,2,1,1,1,0,0,0,0,"401648,180000000630000","5755592,414000000800000",7.569157521000022,51.94234200300008,0,Unfallorte2019_LinRef.csv,
130248,130249,5,5,15,0,2019,12,18,5,2,5,3,2,1,1,0,0,0,0,"406128,462000002150000","5757704,004999999000000",7.633740283000066,51.96209596600005,0,Unfallorte2019_LinRef.csv,
130277,130278,5,5,15,0,2019,12,19,1,3,6,2,2,0,1,1,0,0,0,"405032,109000001100000","5758076,655000004900000",7.617685278000067,51.96525929900008,1,Unfallorte2019_LinRef.csv,
130279,130280,5,5,15,0,2019,12,18,1,3,5,2,2,0,1,0,0,0,0,"401782,034554470330000","5757201,970083862500000",7.570644259000062,51.95683272000008,1,Unfallorte2019_LinRef.csv,
130491,130492,5,5,15,0,2019,12,16,4,3,5,3,1,0,1,0,0,0,0,"399752,786000002180000","5753675,604000002100000",7.542151042000057,51.92477514600006,0,Unfallorte2019_LinRef.csv,
130499,130500,5,5,15,0,2019,12,9,6,3,5,3,0,1,1,0,0,0,0,"405927,821000002320000","5756686,611999999700000",7.631099531000075,51.95291726200003,0,Unfallorte2019_LinRef.csv,
130500,130501,5,5,15,0,2019,12,15,6,3,5,3,0,1,1,0,0,0,0,"405971,441699692980000","5756361,537589373100000",7.631823028000042,51.950002718000064,1,Unfallorte2019_LinRef.csv,
130502,130503,5,5,15,0,2019,12,11,6,3,5,2,0,1,0,0,0,0,1,"406124,492908835410000","5756700,176101796300000",7.633956836000039,51.953072415000065,0,Unfallorte2019_LinRef.csv,
130504,130505,5,5,15,0,2019,12,7,6,3,5,2,1,1,1,0,0,0,0,"406657,653000000860000","5757654,217000002000000",7.641453614000056,51.96173754600005,0,Unfallorte2019_LinRef.csv,
130505,130506,5,5,15,0,2019,12,18,6,3,0,5,2,1,0,0,0,0,1,"405609,347764409150000","5756969,282573679500000",7.626389023000058,51.95540407000004,1,Unfallorte2019_LinRef.csv,
130507,130508,5,5,15,0,2019,12,15,6,3,5,2,0,1,1,0,0,0,0,"405259,542502204890000","5756956,250351112300000",7.621303699000066,51.95522744600004,1,Unfallorte2019_LinRef.csv,
130848,130849,5,5,15,0,2019,12,14,6,3,2,6,0,0,1,0,0,0,0,"401980,883866181600000","5762244,153042720600000",7.572096667000039,52.00218794600005,0,Unfallorte2019_LinRef.csv,
130853,130854,5,5,15,0,2019,12,17,3,2,6,2,2,0,1,1,0,0,0,"404396,601860725320000","5759064,218143457500000",7.608163012000034,51.97402693300006,0,Unfallorte2019_LinRef.csv,
130936,130937,5,5,15,0,2019,12,18,2,3,5,2,2,0,1,0,0,0,0,"407061,663213981320000","5757346,392423519900000",7.647415274000025,51.95903834400008,0,Unfallorte2019_LinRef.csv,
130940,130941,5,5,15,0,2019,12,14,4,3,0,1,0,0,1,0,0,0,0,"400787,039057935590000","5760867,731824934500000",7.555109542000025,51.98960446800004,1,Unfallorte2019_LinRef.csv,
131146,131147,5,5,15,0,2019,12,11,7,3,5,3,0,1,1,0,0,0,0,"409877,658217363990000","5761081,471400653900000",7.687405369000032,51.99307516700003,0,Unfallorte2019_LinRef.csv,
131147,131148,5,5,15,0,2019,12,18,7,3,0,7,2,0,1,0,0,0,0,"406331,189173521470000","5756449,677911175400000",7.637031963000027,51.95085566700004,0,Unfallorte2019_LinRef.csv,
232849,232850,5,5,15,0,2019,1,17,5,3,6,2,2,0,1,1,0,0,0,"405952,623999999840000","5756810,112999999900000",7.631426541000053,51.95403154100006,0,Unfallorte2019_LinRef.csv,
232885,232886,5,5,15,0,2019,1,12,4,3,1,6,0,0,1,0,0,0,0,"407033,734000000170000","5753971,673000000400000",7.647921433000022,51.92869988400008,0,Unfallorte2019_LinRef.csv,
233101,233102,5,5,15,0,2019,1,8,2,3,6,4,2,0,1,1,0,0,0,"405587,467000001110000","5757335,059999998700000",7.625970185000028,51.95868812200007,1,Unfallorte2019_LinRef.csv,
233135,233136,5,5,15,0,2019,1,8,2,2,5,3,0,1,1,0,0,0,0,"405274,115000002090000","5758607,161000000300000",7.621060354000065,51.97006899100006,1,Unfallorte2019_LinRef.csv,
233161,233162,5,5,15,0,2019,1,10,3,3,4,2,0,1,1,0,0,0,0,"407083,917903453110000","5751638,922500852500000",7.649280561000069,51.90774014400006,1,Unfallorte2019_LinRef.csv,
233185,233186,5,5,15,0,2019,1,22,2,3,1,1,2,1,1,0,0,0,0,"402293,086000001060000","5758654,588999999700000",7.577665778000039,51.96997924200008,1,Unfallorte2019_LinRef.csv,
233218,233219,5,5,15,0,2019,1,11,7,3,5,3,0,0,1,0,0,0,0,"412744,343670295550000","5754436,643830027400000",7.730834488000028,51.933803932000046,1,Unfallorte2019_LinRef.csv,
233226,233227,5,5,15,0,2019,1,12,7,2,5,3,0,1,1,0,0,0,0,"405084,212484551590000","5758530,615055412100000",7.618317944000069,51.96934856900003,1,Unfallorte2019_LinRef.csv,
233249,233250,5,5,15,0,2019,1,17,1,3,0,7,1,0,1,0,0,0,0,"408467,069121149370000","5760921,289296375600000",7.666909453000073,51.991404663000026,1,Unfallorte2019_LinRef.csv,
233252,233253,5,5,15,0,2019,1,19,2,3,0,1,2,1,0,0,0,0,0,"404264,649033008140000","5760049,295192912200000",7.605967754000062,51.98285841300003,1,Unfallorte2019_LinRef.csv,
233266,233267,5,5,15,0,2019,1,18,3,3,0,5,2,1,1,0,0,0,0,"406460,153778804470000","5756940,813972419100000",7.638774253000065,51.95529194300008,1,Unfallorte2019_LinRef.csv,
233271,233272,5,5,15,0,2019,1,7,4,3,6,4,2,0,0,1,0,1,0,"403811,035000001080000","5760936,159999998300000",7.599115932000075,51.990751457000044,1,Unfallorte2019_LinRef.csv,
233291,233292,5,5,15,0,2019,1,11,2,3,4,6,0,1,0,0,0,0,0,"401522,030734334140000","5758989,392233850400000",7.566349145000061,51.97285243600004,0,Unfallorte2019_LinRef.csv,
233329,233330,5,5,15,0,2019,1,16,2,3,3,6,0,1,0,0,0,0,0,"404820,641496817580000","5757253,864697938800000",7.614836221000076,51.95782757500007,1,Unfallorte2019_LinRef.csv,
233330,233331,5,5,15,0,2019,1,14,2,3,8,1,0,0,1,0,0,0,0,"402597,581930424090000","5758863,888958811800000",7.582037515000025,51.97191392600007,1,Unfallorte2019_LinRef.csv,
233418,233419,5,5,15,0,2019,1,13,7,3,5,3,0,1,1,0,0,0,0,"405996,162667050030000","5753970,597520377500000",7.632836160000068,51.92851595900004,1,Unfallorte2019_LinRef.csv,
233468,233469,5,5,15,0,2019,1,10,6,2,0,1,0,1,0,0,0,0,0,"406135,339181312360000","5757459,630366589900000",7.633907129000022,51.95990057600005,1,Unfallorte2019_LinRef.csv,
233543,233544,5,5,15,0,2019,1,22,5,3,6,2,2,0,1,1,0,0,0,"405027,146990815180000","5757699,759277679000000",7.617717305000042,51.961870763000036,1,Unfallorte2019_LinRef.csv,
233582,233583,5,5,15,0,2019,1,8,7,3,5,2,0,1,1,0,0,0,0,"407301,527911942450000","5761227,191263657100000",7.649856800000066,51.99396093800004,1,Unfallorte2019_LinRef.csv,
233612,233613,5,5,15,0,2019,1,15,6,3,8,7,0,0,1,0,0,0,0,"406053,195163294670000","5757309,497936040200000",7.632753045000072,51.95853724300008,0,Unfallorte2019_LinRef.csv,
233613,233614,5,5,15,0,2019,1,14,6,2,0,1,0,1,0,0,0,0,0,"408589,262027428490000","5753208,593973120700000",7.670740680000051,51.92209846000003,2,Unfallorte2019_LinRef.csv,
233614,233615,5,5,15,0,2019,1,13,6,3,0,1,0,1,0,0,0,0,0,"409368,028000000860000","5752509,860000001300000",7.682245866000073,51.915945065000074,2,Unfallorte2019_LinRef.csv,
233678,233679,5,5,15,0,2019,1,7,5,2,5,2,2,1,0,0,1,0,0,"406128,618999999950000","5758081,206000000200000",7.633639462000076,51.965486447000046,0,Unfallorte2019_LinRef.csv,
233679,233680,5,5,15,0,2019,1,11,5,3,7,7,0,1,0,0,0,0,0,"401296,952535758730000","5758728,417631804900000",7.563148591000072,51.97046682300004,0,Unfallorte2019_LinRef.csv,
233680,233681,5,5,15,0,2019,1,12,5,3,5,3,0,0,1,0,1,0,0,"407796,796438625080000","5757284,284859912500000",7.658127574000048,51.958602477000056,1,Unfallorte2019_LinRef.csv,
233786,233787,5,5,15,0,2019,1,11,3,3,2,6,0,0,1,0,0,0,0,"405871,457974202000000","5754384,474162297300000",7.630909831000054,51.932215014000064,0,Unfallorte2019_LinRef.csv,
233911,233912,5,5,15,0,2019,1,5,4,3,4,7,2,1,1,0,0,0,0,"408658,765583181750000","5756297,997986208600000",7.670930697000074,51.949879399000054,2,Unfallorte2019_LinRef.csv,
233995,233996,5,5,15,0,2019,1,15,2,3,5,7,0,0,1,0,0,0,1,"404967,538512676950000","5765973,444427153100000",7.614555777000021,52.03622721900007,0,Unfallorte2019_LinRef.csv,
233996,233997,5,5,15,0,2019,1,10,2,3,5,3,0,0,1,0,0,0,0,"405444,219999999740000","5758190,703000003500000",7.623650521000059,51.966354660000036,1,Unfallorte2019_LinRef.csv,
234063,234064,5,5,15,0,2019,1,9,4,3,0,2,0,1,1,0,0,0,0,"404264,442673012610000","5757453,637211475500000",7.606688655000028,51.95952772000004,0,Unfallorte2019_LinRef.csv,
234064,234065,5,5,15,0,2019,1,8,4,3,1,6,0,0,1,0,1,0,0,"406827,599046815190000","5754319,447123855400000",7.644830192000029,51.931791403000034,0,Unfallorte2019_LinRef.csv,
234119,234120,5,5,15,0,2019,1,8,3,3,0,1,0,1,0,0,0,0,0,"404312,165285243650000","5759275,945318857200000",7.606875107000064,51.97591547600007,2,Unfallorte2019_LinRef.csv,
234187,234188,5,5,15,0,2019,1,8,2,3,6,4,0,1,0,1,0,0,0,"402526,168000000530000","5758296,017999999200000",7.581159463000063,51.96679724200004,1,Unfallorte2019_LinRef.csv,
234264,234265,5,5,15,0,2019,1,10,7,3,5,3,0,1,1,0,0,0,0,"405443,470674146900000","5758191,873188912900000",7.623639295000032,51.96636505100008,1,Unfallorte2019_LinRef.csv,
234338,234339,5,5,15,0,2019,2,11,2,3,2,6,0,0,1,0,0,0,0,"401587,997213033030000","5757699,871924711400000",7.567678766000029,51.961273660000074,0,Unfallorte2019_LinRef.csv,
234410,234411,5,5,15,0,2019,2,9,7,3,8,1,0,0,1,0,0,0,0,"407978,595855622550000","5750360,075330758500000",7.662624081000047,51.896393541000066,2,Unfallorte2019_LinRef.csv,
234457,234458,5,5,15,0,2019,2,13,6,2,6,6,0,1,0,1,0,0,0,"407699,082241903990000","5757292,566600868500000",7.656703695000033,51.958660706000046,1,Unfallorte2019_LinRef.csv,
234523,234524,5,5,15,0,2019,1,9,5,3,6,4,0,1,0,1,0,0,0,"405489,101999999960000","5757139,439999999500000",7.624592895000035,51.95691309500006,1,Unfallorte2019_LinRef.csv,
234635,234636,5,5,15,0,2019,2,12,2,3,0,3,0,1,1,0,0,0,0,"399110,907999999820000","5757234,702000001400000",7.531775634000042,51.95664871200006,1,Unfallorte2019_LinRef.csv,
234702,234703,5,5,15,0,2019,2,15,5,3,0,3,0,1,1,0,0,0,0,"404768,172906239520000","5760046,681207926900000",7.613298120000025,51.98292145900007,0,Unfallorte2019_LinRef.csv,
234754,234755,5,5,15,0,2019,2,8,4,3,6,7,0,0,0,1,0,0,1,"406008,936519266110000","5751772,080557290500000",7.633622021000065,51.90875669500008,0,Unfallorte2019_LinRef.csv,
234802,234803,5,5,15,0,2019,2,8,3,3,3,2,0,1,1,0,0,0,0,"405968,416208319370000","5756447,476678339800000",7.631755506000047,51.950774667000076,0,Unfallorte2019_LinRef.csv,
234896,234897,5,5,15,0,2019,2,16,5,3,5,3,0,1,0,0,0,0,1,"402198,655035611240000","5753990,387429079000000",7.577618746000042,51.928039572000046,0,Unfallorte2019_LinRef.csv,
234897,234898,5,5,15,0,2019,2,10,5,3,0,7,0,0,0,1,0,0,1,"403420,566604292950000","5758349,708354391200000",7.594159077000029,51.967435942000066,0,Unfallorte2019_LinRef.csv,
234899,234900,5,5,15,0,2019,2,8,5,3,1,7,0,1,1,0,0,0,0,"407458,469156926500000","5754416,025090692600000",7.65397732100007,51.93276475500005,0,Unfallorte2019_LinRef.csv,
234900,234901,5,5,15,0,2019,2,6,5,3,5,2,2,1,0,0,0,0,0,"405209,699755433020000","5757220,782369665800000",7.620505612000045,51.95759667600004,0,Unfallorte2019_LinRef.csv,
235040,235041,5,5,15,0,2019,2,20,3,2,5,3,2,0,1,0,0,0,0,"404945,473000001160000","5760140,457000002300000",7.615853044000062,51.983794713000066,0,Unfallorte2019_LinRef.csv,
235041,235042,5,5,15,0,2019,2,18,3,3,5,3,2,1,1,0,0,0,0,"408008,289646305140000","5751386,028085654600000",7.662781682000059,51.90562038400003,0,Unfallorte2019_LinRef.csv,
235097,235098,5,5,15,0,2019,2,7,3,3,1,4,0,1,0,1,0,0,0,"405136,610925339160000","5755839,153832702000000",7.619823649000068,51.94516555200005,0,Unfallorte2019_LinRef.csv,
235098,235099,5,5,15,0,2019,2,13,3,2,2,7,0,1,0,0,0,0,0,"405309,908842961300000","5759448,771612802500000",7.621349057000032,51.97763981700007,0,Unfallorte2019_LinRef.csv,
235152,235153,5,5,15,0,2019,2,16,2,3,5,3,0,1,1,0,0,0,0,"401648,180000000630000","5755592,414000000800000",7.569157521000022,51.94234200300008,0,Unfallorte2019_LinRef.csv,
235153,235154,5,5,15,0,2019,2,16,2,3,0,3,0,1,1,0,0,0,0,"402298,829353902490000","5758272,338992977500000",7.577858133000063,51.966544499000065,0,Unfallorte2019_LinRef.csv,
235154,235155,5,5,15,0,2019,2,14,2,3,5,3,0,1,0,0,0,0,1,"404062,207318154160000","5748928,500121654900000",7.606122006000021,51.88286541800005,0,Unfallorte2019_LinRef.csv,
235155,235156,5,5,15,0,2019,2,12,2,2,5,3,0,1,1,0,0,0,0,"402586,113398678600000","5753917,301387481400000",7.583272599000054,51.92745059200007,0,Unfallorte2019_LinRef.csv,
235232,235233,5,5,15,0,2019,2,17,1,3,5,2,0,1,1,0,0,0,0,"414331,962000000290000","5753938,886000001800000",7.754044963000069,51.929576275000045,0,Unfallorte2019_LinRef.csv,
235233,235234,5,5,15,0,2019,2,13,1,3,0,6,0,1,0,0,0,0,0,"404983,936028581110000","5770762,805159555700000",7.613462385000048,52.079277940000054,0,Unfallorte2019_LinRef.csv,
235265,235266,5,5,15,0,2019,2,16,7,3,5,3,0,1,1,0,0,0,0,"403679,089866177180000","5761115,475216334700000",7.597144547000028,51.992340324000054,0,Unfallorte2019_LinRef.csv,
235326,235327,5,5,15,0,2019,2,15,6,3,0,7,0,0,1,1,0,0,0,"402384,406820477920000","5754351,581118891000000",7.580216880000023,51.93131869600006,0,Unfallorte2019_LinRef.csv,
235327,235328,5,5,15,0,2019,2,16,6,3,9,7,0,1,0,0,0,0,0,"408367,812000001780000","5757739,730000002300000",7.666313864000074,51.962790677000044,1,Unfallorte2019_LinRef.csv,
235328,235329,5,5,15,0,2019,2,15,6,3,3,6,0,1,1,0,0,0,0,"412688,055308874700000","5753407,314265355500000",7.730277146000049,51.92454260800008,0,Unfallorte2019_LinRef.csv,
235329,235330,5,5,15,0,2019,2,13,6,3,1,7,0,0,1,1,0,0,0,"404157,096611885350000","5748822,859773641500000",7.607529554000053,51.88193219100003,0,Unfallorte2019_LinRef.csv,
235330,235331,5,5,15,0,2019,2,13,6,3,5,7,0,1,1,0,0,0,0,"403006,209000000730000","5754861,892999999200000",7.589113916000031,51.93601425600008,0,Unfallorte2019_LinRef.csv,
235340,235341,5,5,15,0,2019,2,14,1,3,6,2,0,0,1,1,0,0,0,"405010,716767702250000","5757701,684003375500000",7.617477714000074,51.96188525700006,0,Unfallorte2019_LinRef.csv,
235383,235384,5,5,15,0,2019,2,10,7,3,1,5,0,1,1,0,0,0,0,"404739,104435275310000","5756870,428569806700000",7.613756284000033,51.954367138000066,0,Unfallorte2019_LinRef.csv,
235488,235489,5,5,15,0,2019,2,13,5,3,5,5,0,1,1,0,0,0,0,"405717,736999999730000","5757890,366000000400000",7.627713046000054,51.96370156000006,1,Unfallorte2019_LinRef.csv,
235489,235490,5,5,15,0,2019,2,12,5,3,5,3,0,0,1,0,1,0,0,"407100,868000000720000","5757064,444000000100000",7.648061916000074,51.95651059800008,0,Unfallorte2019_LinRef.csv,
235553,235554,5,5,15,0,2019,2,19,4,3,5,3,2,1,1,0,0,0,0,"407713,118999999020000","5751437,568000000000000",7.658478460000026,51.90603483800004,0,Unfallorte2019_LinRef.csv,
235554,235555,5,5,15,0,2019,2,7,4,3,0,7,0,1,0,0,0,0,1,"404459,812725829890000","5754627,836238971000000",7.610316487000034,51.934161919000076,0,Unfallorte2019_LinRef.csv,
235635,235636,5,5,15,0,2019,2,18,4,3,8,7,2,0,1,1,0,0,0,"406432,295502805150000","5755837,479610828700000",7.638669352000022,51.94536994200007,0,Unfallorte2019_LinRef.csv,
235636,235637,5,5,15,0,2019,2,18,4,2,5,3,1,1,0,0,1,0,0,"405271,444390200080000","5756339,753106238300000",7.621646787000032,51.94968813300005,0,Unfallorte2019_LinRef.csv,
235637,235638,5,5,15,0,2019,2,7,4,3,6,4,0,1,0,1,0,0,0,"406360,266999999990000","5757007,308000000200000",7.637302987000055,51.95587281300004,0,Unfallorte2019_LinRef.csv,
235638,235639,5,5,15,0,2019,2,7,4,3,0,1,0,1,1,0,0,0,0,"399415,176854721270000","5756802,330442156600000",7.536328621000052,51.95281763700007,0,Unfallorte2019_LinRef.csv,