,OBJECTID,ULAND,UREGBEZ,UKREIS,UGEMEINDE,UJAHR,UMONAT,USTUNDE,UWOCHENTAG,UKATEGORIE,UART,UTYP1,ULICHTVERH,IstRad,IstPKW,IstFuss,IstKrad,IstGkfz,IstSonstige,LINREFX,LINREFY,XGCSWGS84,YGCSWGS84,STRZUSTAND,source_file,UIDENTSTLAE
235720,235721,5,5,15,0,2019,2,14,3,3,6,7,0,0,1,1,0,0,0,"404881,557354641150000","5756669,574988782400000",7.615884214000062,51.95258616800004,0,Unfallorte2019_LinRef.csv,
235721,235722,5,5,15,0,2019,2,9,3,3,5,3,0,1,1,0,0,0,0,"408853,049724763260000","5753466,987961472900000",7.674507048000066,51.92446432500003,0,Unfallorte2019_LinRef.csv,
235804,235805,5,5,15,0,2019,2,11,2,3,3,6,0,0,1,0,0,0,0,"405844,469737096690000","5756875,322564125100000",7.62983530200006,51.954599374000054,0,Unfallorte2019_LinRef.csv,
235882,235883,5,5,15,0,2019,3,18,4,3,0,7,0,0,0,0,0,0,1,"405606,050229748710000","5757500,781166821700000",7.626195012000039,51.960180851000075,0,Unfallorte2019_LinRef.csv,
235883,235884,5,5,15,0,2019,3,16,4,3,3,1,0,1,0,0,0,0,0,"407507,753999999720000","5754284,141000000800000",7.65472941400003,51.931587497000066,0,Unfallorte2019_LinRef.csv,
235968,235969,5,5,15,0,2019,3,14,2,3,5,6,0,1,0,0,0,0,0,"406129,725009615530000","5758081,619786342600000",7.633655443000066,51.965490353000064,0,Unfallorte2019_LinRef.csv,
236105,236106,5,5,15,0,2019,2,7,5,3,1,5,1,1,1,0,0,0,0,"403645,705237107350000","5757375,425154388000000",7.59770854900006,51.95871784600007,0,Unfallorte2019_LinRef.csv,
236159,236160,5,5,15,0,2019,3,13,5,2,9,1,0,0,1,0,0,0,0,"404695,597481117580000","5752714,436975816300000",7.614274838000029,51.917003873000056,1,Unfallorte2019_LinRef.csv,
236203,236204,5,5,15,0,2019,3,11,2,3,1,5,0,0,1,0,0,0,1,"405555,386910330500000","5757715,996129063900000",7.625398712000049,51.96210669200008,1,Unfallorte2019_LinRef.csv,
236204,236205,5,5,15,0,2019,3,12,2,3,1,7,0,0,1,0,0,0,0,"407769,561214671470000","5759168,738653536900000",7.657225130000029,51.975536446000035,1,Unfallorte2019_LinRef.csv,
236308,236309,5,5,15,0,2019,3,7,6,3,4,6,0,1,0,0,0,0,0,"408026,525891934520000","5757752,831465793800000",7.661344475000021,51.962852085000065,1,Unfallorte2019_LinRef.csv,
236414,236415,5,5,15,0,2019,3,8,7,3,5,7,0,1,1,0,0,0,0,"407760,692512438630000","5758451,762795241500000",7.657288719000064,51.96909041500004,0,Unfallorte2019_LinRef.csv,
236519,236520,5,5,15,0,2019,3,14,5,3,6,4,0,1,0,1,0,0,0,"403508,152999650690000","5757664,858111247400000",7.595626029000073,51.961295508000035,1,Unfallorte2019_LinRef.csv,
236569,236570,5,5,15,0,2019,3,19,4,3,1,6,2,0,1,0,0,0,0,"405968,465885023590000","5757187,778231384200000",7.631553641000039,51.95742884900005,1,Unfallorte2019_LinRef.csv,
236570,236571,5,5,15,0,2019,3,14,4,3,5,3,0,1,1,0,0,0,0,"406264,361215646380000","5757406,707747966100000",7.635798764000072,51.95944664900003,1,Unfallorte2019_LinRef.csv,
236660,236661,5,5,15,0,2019,3,12,5,3,0,7,0,1,0,0,0,0,0,"408487,790507425550000","5756265,504702098700000",7.668452284000068,51.94955922500003,0,Unfallorte2019_LinRef.csv,
236661,236662,5,5,15,0,2019,3,11,5,3,6,4,0,0,0,1,0,0,1,"402435,925000001680000","5758368,700000001100000",7.579825659000051,51.967434694000076,0,Unfallorte2019_LinRef.csv,
236797,236798,5,5,15,0,2019,3,18,3,3,1,5,0,1,1,0,0,0,0,"406689,689253030340000","5757768,638036871300000",7.641888656000049,51.96277139600005,0,Unfallorte2019_LinRef.csv,
236798,236799,5,5,15,0,2019,3,15,3,3,2,6,0,0,1,0,0,0,0,"408300,405686155890000","5760799,868088584400000",7.664515343000062,51.99028577200005,0,Unfallorte2019_LinRef.csv,
236861,236862,5,5,15,0,2019,3,19,2,3,2,6,2,0,1,0,0,0,0,"404465,924167532470000","5757663,052362099300000",7.609561788000065,51.96144467500005,0,Unfallorte2019_LinRef.csv,
236862,236863,5,5,15,0,2019,3,5,2,3,5,3,2,1,1,0,0,0,0,"405852,072568550710000","5754437,716546693800000",7.630613390000065,51.93269030400006,1,Unfallorte2019_LinRef.csv,
236951,236952,5,5,15,0,2019,3,16,2,3,1,5,0,1,1,0,0,0,0,"405964,100000000560000","5756319,258000001300000",7.631727802000057,51.94962144800007,1,Unfallorte2019_LinRef.csv,
236952,236953,5,5,15,0,2019,3,16,2,3,4,6,0,1,0,0,0,0,0,"406795,014999999660000","5758466,892000000900000",7.643231653000044,51.969065311000065,1,Unfallorte2019_LinRef.csv,
237087,237088,5,5,15,0,2019,3,15,6,3,5,7,0,1,1,0,0,0,0,"404295,066564386710000","5755430,797038976100000",7.607697497000061,51.94135094300003,0,Unfallorte2019_LinRef.csv,
237088,237089,5,5,15,0,2019,3,7,6,2,5,3,0,1,1,0,0,0,0,"411415,972000000070000","5751922,726000001700000",7.712164975000064,51.91099696300006,0,Unfallorte2019_LinRef.csv,
237168,237169,5,5,15,0,2019,3,13,7,2,0,1,0,1,0,0,0,0,0,"404422,036745102140000","5760584,408617742400000",7.608109679000052,51.987695286000076,0,Unfallorte2019_LinRef.csv,
237237,237238,5,5,15,0,2019,3,8,6,3,3,6,0,1,0,0,0,0,0,"407652,667549826200000","5758285,397381356000000",7.655761434000056,51.96757709800005,0,Unfallorte2019_LinRef.csv,
237238,237239,5,5,15,0,2019,3,1,6,3,1,7,2,1,1,0,0,0,0,"405198,540358500560000","5758814,770101618000000",7.619903212000054,51.97192217700007,0,Unfallorte2019_LinRef.csv,
237370,237371,5,5,15,0,2019,3,15,4,3,4,2,0,1,1,0,0,0,0,"409820,504133842890000","5752114,480503462300000",7.688926356000025,51.912464560000046,0,Unfallorte2019_LinRef.csv,
237395,237396,5,5,15,0,2019,4,19,5,3,4,6,0,1,1,0,0,0,0,"405461,417658009570000","5755197,950530670600000",7.62472411300007,51.939457418000075,1,Unfallorte2019_LinRef.csv,
237463,237464,5,5,15,0,2019,4,17,4,2,0,1,0,1,0,0,0,0,0,"407023,710485301910000","5759487,068865742500000",7.64628336800007,51.97827346100007,0,Unfallorte2019_LinRef.csv,
237586,237587,5,5,15,0,2019,4,17,2,3,5,2,0,0,1,0,1,0,0,"402184,263538644650000","5749771,627684731000000",7.578607314000067,51.89011745300007,0,Unfallorte2019_LinRef.csv,
237587,237588,5,5,15,0,2019,4,14,2,3,1,5,0,1,1,0,0,0,0,"404905,523034553970000","5756967,110224457500000",7.616150499000071,51.95526463300007,0,Unfallorte2019_LinRef.csv,
237588,237589,5,5,15,0,2019,4,9,2,3,6,3,0,0,1,1,0,0,0,"406127,616722639650000","5757695,062669895600000",7.633730428000035,51.962015446000066,0,Unfallorte2019_LinRef.csv,
237700,237701,5,5,15,0,2019,4,19,2,3,1,3,0,1,1,0,0,0,0,"404806,507000000220000","5759073,183000003900000",7.614126217000035,51.974177878000035,0,Unfallorte2019_LinRef.csv,
237701,237702,5,5,15,0,2019,4,10,2,3,1,5,0,0,1,0,0,0,0,"408718,595879152420000","5755950,386110223800000",7.671893323000063,51.94676467000005,0,Unfallorte2019_LinRef.csv,
237752,237753,5,5,15,0,2019,4,17,1,3,0,7,0,1,0,1,0,0,0,"405198,205468323080000","5753293,293942373200000",7.621421077000036,51.92229270800004,0,Unfallorte2019_LinRef.csv,
237854,237855,5,5,15,0,2019,4,18,6,3,2,3,0,1,1,0,0,0,0,"405501,223809917460000","5756465,771196285300000",7.624954514000024,51.95085992500003,0,Unfallorte2019_LinRef.csv,
237855,237856,5,5,15,0,2019,4,16,6,3,3,2,0,1,0,0,0,0,0,"405425,048999999650000","5758255,198000000800000",7.623353792000046,51.96693110600006,0,Unfallorte2019_LinRef.csv,
237952,237953,5,5,15,0,2019,4,12,6,3,2,6,0,0,1,0,0,0,0,"406630,828920675440000","5758711,046385670100000",7.640775946000076,51.97123233000008,0,Unfallorte2019_LinRef.csv,
237953,237954,5,5,15,0,2019,4,12,6,2,1,7,0,0,1,0,0,0,0,"404513,280133529570000","5754463,606425799400000",7.611139535000064,51.932694929000036,0,Unfallorte2019_LinRef.csv,
237954,237955,5,5,15,0,2019,4,7,6,3,5,2,0,1,1,0,0,0,0,"406636,221961370670000","5758239,595170214800000",7.64098264200004,51.96699560900004,0,Unfallorte2019_LinRef.csv,
238062,238063,5,5,15,0,2019,4,20,4,3,5,3,0,0,1,0,1,0,0,"406673,139000001360000","5757251,976000001700000",7.641788223000049,51.95812460600007,0,Unfallorte2019_LinRef.csv,
238063,238064,5,5,15,0,2019,4,7,4,3,5,3,0,1,1,0,0,0,0,"404434,657648050230000","5760667,835818814100000",7.608270168000047,51.98844732800006,0,Unfallorte2019_LinRef.csv,
238133,238134,5,5,15,0,2019,4,7,3,3,5,2,0,1,1,0,0,0,0,"405289,867999998850000","5766643,967000000200000",7.619067690000065,52.042309215000046,0,Unfallorte2019_LinRef.csv,
238159,238160,5,5,15,0,2019,4,13,7,3,5,3,0,1,0,0,0,0,0,"403640,156774386760000","5757352,713203366800000",7.597634197000048,51.95851274200004,1,Unfallorte2019_LinRef.csv,
238209,238210,5,5,15,0,2019,4,8,4,2,5,3,0,1,0,0,0,0,0,"405208,894000000320000","5757219,747000003200000",7.620494175000033,51.95758723200004,0,Unfallorte2019_LinRef.csv,
238210,238211,5,5,15,0,2019,4,6,4,3,5,2,0,1,1,0,0,0,0,"405903,526273271070000","5758251,746678726700000",7.630317363000074,51.96698128600008,0,Unfallorte2019_LinRef.csv,
238211,238212,5,5,15,0,2019,4,16,4,3,5,1,0,1,0,0,0,0,0,"405940,996374403130000","5756795,665524322500000",7.631261344000052,51.953899714000045,0,Unfallorte2019_LinRef.csv,
238263,238264,5,5,15,0,2019,4,4,3,2,1,7,2,0,1,0,1,0,0,"403267,161250535400000","5762007,776210801700000",7.590895200000034,52.00028894600007,0,Unfallorte2019_LinRef.csv,
238322,238323,5,5,15,0,2019,4,10,2,3,2,6,0,0,1,0,0,0,0,"403216,122442827560000","5754221,333709446700000",7.592346555000063,51.93029323600007,0,Unfallorte2019_LinRef.csv,
238379,238380,5,5,15,0,2019,4,13,1,3,2,5,0,0,1,0,0,0,0,"402495,814913463780000","5754092,558476097900000",7.581910132000076,51.929010048000066,0,Unfallorte2019_LinRef.csv,
238693,238694,5,5,15,0,2019,4,13,5,2,0,4,0,0,0,1,0,0,1,"401956,331067080610000","5759052,504048388500000",7.572651574000076,51.973496485000055,0,Unfallorte2019_LinRef.csv,
238696,238697,5,5,15,0,2019,4,18,5,3,5,7,0,1,1,0,0,0,0,"402244,242294415830000","5758234,510673441000000",7.577074596000045,51.96619489200003,0,Unfallorte2019_LinRef.csv,
238721,238722,5,5,15,0,2019,4,9,3,3,5,3,0,1,1,0,0,0,0,"403349,915000000970000","5760905,578999999900000",7.592411044000073,51.99039653500006,0,Unfallorte2019_LinRef.csv,
238751,238752,5,5,15,0,2019,4,18,6,3,3,2,0,1,0,0,0,0,0,"405735,416000001130000","5757701,013000002100000",7.628022258000044,51.96200257000004,0,Unfallorte2019_LinRef.csv,
238806,238807,5,5,15,0,2019,4,3,5,3,0,6,2,1,1,0,0,0,0,"404456,900816078300000","5758393,485364688600000",7.609227275000023,51.96800852100006,0,Unfallorte2019_LinRef.csv,
238858,238859,5,5,15,0,2019,4,15,4,2,7,1,0,1,0,0,0,0,0,"402032,498402019030000","5753777,534415636200000",7.575263632000031,51.92609717000005,0,Unfallorte2019_LinRef.csv,
238859,238860,5,5,15,0,2019,4,23,4,2,5,3,2,1,1,0,0,0,0,"406268,437488246710000","5757521,895411593800000",7.635826638000026,51.96048269700003,1,Unfallorte2019_LinRef.csv,
238948,238949,5,5,15,0,2019,4,14,3,3,3,6,0,1,1,0,0,0,0,"406207,121018327770000","5757438,099898288000000",7.634957390000068,51.959719163000045,0,Unfallorte2019_LinRef.csv,
238968,238969,5,5,15,0,2019,5,19,4,3,0,7,0,1,0,0,0,0,0,"407638,535126610660000","5757705,588007303000000",7.655711728000028,51.96236311300004,0,Unfallorte2019_LinRef.csv,
238969,238970,5,5,15,0,2019,5,15,4,3,4,6,0,1,0,0,0,0,0,"406214,946000000460000","5758634,835000002800000",7.634744395000041,51.97047728600006,0,Unfallorte2019_LinRef.csv,
239016,239017,5,5,15,0,2019,4,17,3,3,0,5,0,1,1,0,0,0,0,"404713,934517302550000","5754306,696396574400000",7.614100599000039,51.931318944000054,0,Unfallorte2019_LinRef.csv,
239017,239018,5,5,15,0,2019,4,18,3,3,4,7,0,1,1,0,0,0,0,"405304,717999999410000","5757273,580000001900000",7.621873438000023,51.95808743300006,0,Unfallorte2019_LinRef.csv,
239018,239019,5,5,15,0,2019,4,13,3,3,0,6,0,1,1,0,0,0,0,"403595,252823187970000","5762048,537420550400000",7.595661480000047,52.00071238400005,0,Unfallorte2019_LinRef.csv,
239226,239227,5,5,15,0,2019,5,12,2,3,3,2,0,1,1,0,0,0,0,"403782,679125566040000","5758724,920136861500000",7.599323239000057,51.97087126300005,0,Unfallorte2019_LinRef.csv,
239227,239228,5,5,15,0,2019,5,8,2,3,0,3,0,1,1,0,0,0,0,"404159,185362160210000","5757573,793852370200000",7.605123732000038,51.96058959700008,0,Unfallorte2019_LinRef.csv,
239301,239302,5,5,15,0,2019,5,12,7,3,3,6,0,1,0,0,0,0,1,"405251,783217374240000","5757275,099065510600000",7.621102885000028,51.95809206900003,0,Unfallorte2019_LinRef.csv,
239302,239303,5,5,15,0,2019,5,16,7,3,2,6,0,1,1,0,0,0,0,"405072,785931679420000","5756350,422526184500000",7.618754156000023,51.94975016500007,0,Unfallorte2019_LinRef.csv,
239303,239304,5,5,15,0,2019,5,8,7,2,5,3,0,1,1,0,0,0,0,"403929,329312009740000","5757907,003574010000000",7.601686255000061,51.96354492900008,0,Unfallorte2019_LinRef.csv,
239424,239425,5,5,15,0,2019,5,13,5,2,5,2,0,1,0,0,0,1,0,"406166,185926637610000","5755138,404048141100000",7.634989641000061,51.93904148400003,0,Unfallorte2019_LinRef.csv,
239425,239426,5,5,15,0,2019,5,16,5,3,0,7,0,1,1,0,0,0,0,"404916,538000000640000","5757709,622000003200000",7.616105223000034,51.961940508000055,0,Unfallorte2019_LinRef.csv,
239426,239427,5,5,15,0,2019,5,10,5,3,5,2,0,1,0,0,0,0,0,"406662,783999999050000","5757885,069000002000000",7.641465531000051,51.96381341800003,0,Unfallorte2019_LinRef.csv,
239427,239428,5,5,15,0,2019,5,9,5,3,2,6,0,0,1,0,0,1,0,"405153,994522928260000","5755058,286193514200000",7.620291869000027,51.93814973500008,0,Unfallorte2019_LinRef.csv,
239475,239476,5,5,15,0,2019,5,12,6,3,5,3,0,1,0,0,0,0,0,"403794,026832675560000","5761808,194398161000000",7.598623576000023,51.99858659600005,1,Unfallorte2019_LinRef.csv,
239558,239559,5,5,15,0,2019,5,15,5,3,1,7,0,0,1,1,0,0,0,"403424,354360528290000","5761680,867647232500000",7.593276401000026,51.99737797600005,0,Unfallorte2019_LinRef.csv,
239560,239561,5,5,15,0,2019,5,13,5,3,0,7,0,0,0,0,0,0,1,"405615,475947971460000","5757706,169913524800000",7.626275711000062,51.962028574000044,0,Unfallorte2019_LinRef.csv,
239622,239623,5,5,15,0,2019,5,13,4,3,6,7,0,0,1,1,0,0,0,"404544,591681007300000","5759313,346800215500000",7.610247536000031,51.97629162700008,0,Unfallorte2019_LinRef.csv,
239693,239694,5,5,15,0,2019,5,15,3,3,0,7,0,1,1,0,0,0,0,"404649,574970623480000","5756823,497521983500000",7.612466881000046,51.95392996000004,0,Unfallorte2019_LinRef.csv,
239764,239765,5,5,15,0,2019,5,7,3,3,5,3,0,1,0,0,0,0,1,"405837,273000000040000","5757570,263000000300000",7.629540127000041,51.96084459200006,0,Unfallorte2019_LinRef.csv,
239765,239766,5,5,15,0,2019,5,6,3,3,5,3,0,1,0,0,0,0,0,"405622,977051359600000","5757094,358098838500000",7.626552943000036,51.956530617000055,0,Unfallorte2019_LinRef.csv,
239766,239767,5,5,15,0,2019,5,8,3,3,6,1,0,0,1,1,0,0,0,"405171,303051200700000","5757788,450082473500000",7.619790278000039,51.96269255900006,0,Unfallorte2019_LinRef.csv,
239767,239768,5,5,15,0,2019,5,7,3,3,0,3,0,1,0,0,0,0,0,"401709,284702336420000","5754327,679914023700000",7.570407595000063,51.93098505000006,0,Unfallorte2019_LinRef.csv,
239860,239861,5,5,15,0,2019,5,16,2,3,3,6,0,1,1,0,0,0,0,"402393,027999999930000","5758414,630000000800000",7.579188387000045,51.96783999300004,0,Unfallorte2019_LinRef.csv,
239970,239971,5,5,15,0,2019,5,15,7,3,5,3,0,1,1,0,0,0,0,"405314,623344909400000","5755930,549769982700000",7.622387587000048,51.94601738600005,0,Unfallorte2019_LinRef.csv,
239971,239972,5,5,15,0,2019,5,12,7,2,0,1,0,0,0,0,1,0,0,"403877,182818204160000","5761632,358336109700000",7.599883783000053,51.997020536000036,0,Unfallorte2019_LinRef.csv,
240033,240034,5,5,15,0,2019,5,21,6,2,0,1,2,1,0,0,0,0,0,"407116,897801324730000","5758347,731377540200000",7.647948068000062,51.96804811900006,0,Unfallorte2019_LinRef.csv,
240034,240035,5,5,15,0,2019,5,13,6,3,2,6,0,1,1,0,0,0,0,"405267,958751127120000","5757295,067278467100000",7.621332712000026,51.95827430800006,0,Unfallorte2019_LinRef.csv,
240108,240109,5,5,15,0,2019,5,18,5,3,5,2,0,1,1,0,0,0,0,"406128,618999999950000","5758081,206000000200000",7.633639462000076,51.965486447000046,1,Unfallorte2019_LinRef.csv,
240109,240110,5,5,15,0,2019,5,15,5,3,6,4,0,1,0,1,0,0,0,"405473,519536470990000","5754603,937882771700000",7.62506335300003,51.93412021300003,0,Unfallorte2019_LinRef.csv,
240110,240111,5,5,15,0,2019,5,14,5,3,3,2,0,1,1,0,0,0,0,"406884,241013913420000","5756847,488895410700000",7.64496914700004,51.954524262000064,0,Unfallorte2019_LinRef.csv,
240208,240209,5,5,15,0,2019,5,7,4,3,5,7,0,1,1,0,0,0,0,"404684,906000001360000","5761718,734999999400000",7.61162123500003,51.99793615400006,0,Unfallorte2019_LinRef.csv,
240209,240210,5,5,15,0,2019,5,20,4,3,5,3,0,1,1,0,0,0,0,"406067,292309206910000","5757544,204551240400000",7.632893961000036,51.96064927500004,0,Unfallorte2019_LinRef.csv,
240299,240300,5,5,15,0,2019,5,14,3,3,6,2,0,0,1,1,0,0,0,"405419,876565783280000","5757579,272544473400000",7.623464680000041,51.960854727000026,0,Unfallorte2019_LinRef.csv,
240378,240379,5,5,15,0,2019,5,7,2,3,0,1,0,1,0,0,0,0,0,"405111,898998384360000","5759736,367686597600000",7.61838748100007,51.98019106000004,0,Unfallorte2019_LinRef.csv,
240379,240380,5,5,15,0,2019,5,5,2,2,0,1,0,1,0,0,0,0,0,"406763,546254553830000","5754990,197088284400000",7.643717043000038,51.937809737000066,0,Unfallorte2019_LinRef.csv,
240380,240381,5,5,15,0,2019,5,13,2,3,3,6,0,1,1,0,0,0,0,"405558,611496788450000","5757937,473614234500000",7.62538472500006,51.964097974000026,0,Unfallorte2019_LinRef.csv,
240381,240382,5,5,15,0,2019,5,8,2,3,6,1,0,1,0,1,0,0,0,"405953,937124269080000","5753034,228281175700000",7.632478072000026,51.920092261000036,0,Unfallorte2019_LinRef.csv,
240451,240452,5,5,15,0,2019,5,15,1,3,0,7,0,0,0,1,0,0,1,"402555,463999999690000","5757638,688000001000000",7.581772274000059,51.960894127000074,0,Unfallorte2019_LinRef.csv,
240572,240573,5,5,15,0,2019,5,9,6,3,4,1,0,1,0,0,0,0,0,"405555,346696821970000","5757716,000999504700000",7.625398125000061,51.96210672900003,0,Unfallorte2019_LinRef.csv,
240573,240574,5,5,15,0,2019,5,8,6,3,5,2,0,1,1,0,0,0,0,"407444,343280105850000","5757311,353890907000000",7.652992410000024,51.95878723200008,0,Unfallorte2019_LinRef.csv,
240574,240575,5,5,15,0,2019,5,17,6,3,4,7,0,1,0,0,0,0,0,"398683,727916748260000","5753964,318535801000000",7.52652475900004,51.92717661000006,0,Unfallorte2019_LinRef.csv,
240681,240682,5,5,15,0,2019,5,12,5,3,0,5,0,1,1,0,0,0,0,"406493,049944003110000","5757128,053232831900000",7.639201865000075,51.956980473000044,0,Unfallorte2019_LinRef.csv,
240761,240762,5,5,15,0,2019,5,14,4,3,4,6,0,1,1,0,0,0,0,"404025,196690955200000","5758857,471552556400000",7.602815474000067,51.97210461000003,0,Unfallorte2019_LinRef.csv,
240762,240763,5,5,15,0,2019,5,7,4,3,5,3,0,0,1,0,0,0,0,"408606,915760109200000","5751364,118132788700000",7.67148676100004,51.90552197200003,0,Unfallorte2019_LinRef.csv,
240777,240778,5,5,15,0,2019,5,8,4,3,5,3,0,1,0,0,0,0,0,"406806,541010748590000","5758499,785699641300000",7.643390455000031,51.96936290900004,0,Unfallorte2019_LinRef.csv,
240778,240779,5,5,15,0,2019,5,8,4,2,5,2,0,1,1,0,0,0,0,"405400,642936989670000","5758858,627942515500000",7.622832366000068,51.97235082600008,0,Unfallorte2019_LinRef.csv,
240883,240884,5,5,15,0,2019,5,17,3,3,5,3,0,1,1,0,0,0,0,"406480,043934116140000","5757356,510079871900000",7.638950455000042,51.959031767000056,0,Unfallorte2019_LinRef.csv,
240884,240885,5,5,15,0,2019,5,12,3,3,6,4,0,1,0,1,0,0,0,"403976,006043996660000","5756990,709479790200000",7.602621560000046,51.955317026000046,0,Unfallorte2019_LinRef.csv,
240947,240948,5,5,15,0,2019,5,10,2,3,5,3,0,1,1,0,0,0,0,"400089,200080238280000","5761041,965859286500000",7.544899309000073,51.99104540600007,0,Unfallorte2019_LinRef.csv,
240994,240995,5,5,15,0,2019,5,19,4,3,6,7,0,1,0,1,0,0,0,"407743,086007102390000","5749819,510100381400000",7.659346984000024,51.89149564600007,0,Unfallorte2019_LinRef.csv,
240996,240997,5,5,15,0,2019,5,13,4,3,2,2,0,1,1,0,0,0,0,"402077,489589863460000","5758101,431265683800000",7.574686118000045,51.964969395000026,0,Unfallorte2019_LinRef.csv,
241048,241049,5,5,15,0,2019,6,14,1,3,5,3,0,1,1,0,0,0,1,"406275,604825861750000","5751955,222976639900000",7.637447652000049,51.910447814000065,0,Unfallorte2019_LinRef.csv,
241049,241050,5,5,15,0,2019,6,0,1,2,0,1,2,1,0,0,0,0,0,"406202,189765757880000","5756168,145697187600000",7.63523230800007,51.94830337900004,0,Unfallorte2019_LinRef.csv,
241050,241051,5,5,15,0,2019,6,19,1,3,1,5,0,1,1,0,0,0,0,"406865,435852525760000","5757306,748515341400000",7.644571076000034,51.95864917100005,0,Unfallorte2019_LinRef.csv,
241094,241095,5,5,15,0,2019,6,13,7,3,4,6,0,1,1,0,0,0,0,"405847,600807014850000","5756264,728210054300000",7.630048138000063,51.94911160100003,0,Unfallorte2019_LinRef.csv,
241095,241096,5,5,15,0,2019,6,0,7,3,1,5,2,1,1,0,0,0,0,"405048,465480924580000","5758517,477186322200000",7.617801375000056,51.96922437500007,0,Unfallorte2019_LinRef.csv,
241173,241174,5,5,15,0,2019,5,14,6,3,0,1,0,0,0,0,1,0,0,"406964,535830231380000","5754202,023011252300000",7.646853055000065,51.93075883700004,0,Unfallorte2019_LinRef.csv,
241299,241300,5,5,15,0,2019,6,14,4,3,0,5,0,1,1,0,0,0,0,"411739,271577533330000","5762163,230920361400000",7.714232963000029,52.00309776100005,0,Unfallorte2019_LinRef.csv,
241300,241301,5,5,15,0,2019,6,12,4,3,5,3,0,1,0,0,0,0,0,"404286,284013682980000","5755613,225206168400000",7.607518990000074,51.942989167000064,0,Unfallorte2019_LinRef.csv,
241469,241470,5,5,15,0,2019,6,6,2,3,5,3,0,0,1,0,0,0,1,"412161,330187387760000","5752456,496827118100000",7.722861947000069,51.91591299900006,1,Unfallorte2019_LinRef.csv,
241622,241623,5,5,15,0,2019,6,9,6,3,5,2,0,1,1,0,0,0,0,"407293,653845431280000","5757322,583252297700000",7.650796979000063,51.95886306300008,0,Unfallorte2019_LinRef.csv,
241623,241624,5,5,15,0,2019,6,13,6,3,5,3,0,1,0,0,0,0,0,"405329,425000000750000","5755077,161000000300000",7.622837833000062,51.938349265000056,0,Unfallorte2019_LinRef.csv,
241838,241839,5,5,15,0,2019,6,20,4,3,2,7,1,0,1,0,0,0,0,"405939,861240194180000","5759092,915863487900000",7.630615614000021,51.97454822900005,0,Unfallorte2019_LinRef.csv,
241839,241840,5,5,15,0,2019,6,6,4,3,0,7,0,1,1,0,0,0,0,"406366,845604337750000","5757244,758518366100000",7.637333978000072,51.95800823900004,0,Unfallorte2019_LinRef.csv,
241841,241842,5,5,15,0,2019,6,17,4,3,5,3,0,1,1,0,0,0,0,"409784,753619759340000","5753871,963738914600000",7.687946220000072,51.928256299000054,0,Unfallorte2019_LinRef.csv,
241842,241843,5,5,15,0,2019,6,19,4,3,5,3,0,1,0,0,0,0,0,"405142,444196035150000","5751290,726630082400000",7.621161984000025,51.90428316400005,1,Unfallorte2019_LinRef.csv,
242001,242002,5,5,15,0,2019,6,14,2,2,0,7,0,1,0,0,0,0,0,"398612,819000001070000","5758014,100999999800000",7.524299560000031,51.96356338700008,0,Unfallorte2019_LinRef.csv,
242091,242092,5,5,15,0,2019,6,11,7,2,5,3,0,1,0,0,0,0,0,"404574,692223162390000","5754023,861717980400000",7.612154451000038,51.92875285000008,1,Unfallorte2019_LinRef.csv,
242092,242093,5,5,15,0,2019,6,7,7,3,1,7,0,1,1,0,0,0,0,"404767,859676751310000","5758871,299064623200000",7.613619762000042,51.97235665000005,0,Unfallorte2019_LinRef.csv,
242093,242094,5,5,15,0,2019,6,9,7,3,3,7,0,1,1,0,0,0,0,"406617,558053249490000","5761320,492119880400000",7.639872462000028,51.99468497400005,0,Unfallorte2019_LinRef.csv,
242173,242174,5,5,15,0,2019,6,16,6,3,6,6,0,0,1,1,0,0,0,"405021,289462886750000","5753717,490823013700000",7.618732176000037,51.92607543200006,0,Unfallorte2019_LinRef.csv,
242174,242175,5,5,15,0,2019,6,13,6,3,0,7,0,0,0,0,0,0,1,"406545,269433251580000","5756221,253860727000000",7.640208191000056,51.94883848900008,0,Unfallorte2019_LinRef.csv,
242280,242281,5,5,15,0,2019,6,21,5,3,1,7,0,1,1,0,0,0,0,"404414,759911369530000","5761196,759500183200000",7.60783303900007,51.99319803800006,1,Unfallorte2019_LinRef.csv,
242282,242283,5,5,15,0,2019,6,12,5,3,0,1,0,0,1,0,0,0,0,"404279,074362950400000","5755750,522966770500000",7.607375911000077,51.94422201200007,0,Unfallorte2019_LinRef.csv,
242283,242284,5,5,15,0,2019,6,12,5,3,0,1,0,1,0,0,0,0,0,"404664,341479633000000","5757232,147674692800000",7.612568303000046,51.95760559800004,0,Unfallorte2019_LinRef.csv,
242322,242323,5,5,15,0,2019,6,15,3,3,5,2,0,1,1,0,0,0,0,"405074,178918631750000","5761169,407731790100000",7.617441795000048,51.993065297000044,0,Unfallorte2019_LinRef.csv,
242323,242324,5,5,15,0,2019,6,14,3,3,4,6,0,0,1,0,0,0,0,"404889,773469080220000","5760734,662643700800000",7.614877442000022,51.98912610800005,0,Unfallorte2019_LinRef.csv,
242436,242437,5,5,15,0,2019,6,14,2,2,1,5,0,1,1,0,0,0,0,"405969,451899383220000","5758595,031693592700000",7.631182671000033,51.970078038000054,0,Unfallorte2019_LinRef.csv,