,OBJECTID,ULAND,UREGBEZ,UKREIS,UGEMEINDE,UJAHR,UMONAT,USTUNDE,UWOCHENTAG,UKATEGORIE,UART,UTYP1,ULICHTVERH,IstRad,IstPKW,IstFuss,IstKrad,IstGkfz,IstSonstige,LINREFX,LINREFY,XGCSWGS84,YGCSWGS84,STRZUSTAND,source_file,UIDENTSTLAE
78823,78824,5,5,15,0,2020,3,17,3,3,3,6,1,1,0,0,0,0,0,"410491,412999999710000","5760624,801000000900000",7.696461159000023,51.98906958200007,0,Unfallorte2020_LinRef.csv,5.200303702100842e+18
78827,78828,5,5,15,0,2020,3,11,7,3,0,3,0,0,1,0,0,0,0,"403502,562699999660000","5753996,809299999800000",7.596574237000027,51.92832486100008,0,Unfallorte2020_LinRef.csv,5.200307702330205e+18
78856,78857,5,5,15,0,2020,3,16,5,2,0,5,0,1,1,0,0,0,0,"401181,352500000040000","5761882,617200000200000",7.560557625000058,51.998796682000034,1,Unfallorte2020_LinRef.csv,5.200305702100888e+18
78859,78860,5,5,15,0,2020,3,15,4,2,6,7,0,0,1,1,0,0,0,"410925,524000000210000","5759758,042899999800000",7.703006583000047,51.98134836400004,0,Unfallorte2020_LinRef.csv,5.200304702100261e+18
78864,78865,5,5,15,0,2020,3,10,3,3,4,2,0,1,1,0,0,0,0,"407061,798799999990000","5757348,482300000300000",7.647416681000038,51.95905715200007,0,Unfallorte2020_LinRef.csv,5.200303702100062e+18
78880,78881,5,5,15,0,2020,3,7,6,3,5,3,0,0,1,0,0,0,0,"409548,995199999770000","5760812,326999999600000",7.682690898000033,51.99060250500003,1,Unfallorte2020_LinRef.csv,5.200306702100566e+18
78942,78943,5,5,15,0,2020,3,16,4,3,2,6,0,0,1,0,0,0,0,"404092,840200000440000","5759197,022399999200000",7.603705020000064,51.97516828100004,0,Unfallorte2020_LinRef.csv,5.200304702100047e+18
78992,78993,5,5,15,0,2020,3,18,3,3,1,6,1,0,1,0,0,0,0,"407979,641999999990000","5754446,789100000600000",7.661547345000031,51.93312769600004,1,Unfallorte2020_LinRef.csv,5.200310702100768e+18
78995,78996,5,5,15,0,2020,3,15,3,3,5,3,0,1,1,0,0,0,0,"404686,041899999600000","5759319,766300000300000",7.612304499000061,51.976373608000074,1,Unfallorte2020_LinRef.csv,5.200310702100761e+18
79104,79105,5,5,15,0,2020,3,18,4,3,5,3,2,0,1,0,0,0,0,"408786,747700000180000","5751455,756500000100000",7.674075830000049,51.906375155000035,0,Unfallorte2020_LinRef.csv,5.200311702100769e+18
79222,79223,5,5,15,0,2020,3,13,4,3,3,6,0,1,0,0,0,0,0,"406939,529000000100000","5756954,990000000200000",7.645744344000036,51.95549979200007,1,Unfallorte2020_LinRef.csv,5.200311702100072e+18
79291,79292,5,5,15,0,2020,3,9,4,3,2,7,0,0,1,0,0,0,1,"403732,675800000320000","5758067,950200000800000",7.59877976000007,51.964957551000055,1,Unfallorte2020_LinRef.csv,5.200311702100856e+18
79307,79308,5,5,15,0,2020,3,2,2,3,9,1,2,0,1,0,0,0,0,"400112,097400000320000","5761048,605299999900000",7.545230735000075,51.99110920000004,0,Unfallorte2020_LinRef.csv,5.200309702100943e+18
79309,79310,5,5,15,0,2020,3,16,2,2,2,6,0,0,1,0,0,0,0,"399144,456600000150000","5760139,752699999100000",7.531410247000054,51.98276554000006,1,Unfallorte2020_LinRef.csv,5.200309702100542e+18
79356,79357,5,5,15,0,2020,3,10,1,3,5,1,0,1,1,0,0,0,0,"397708,105999999680000","5754561,883999999600000",7.512163480000027,51.93236912500004,0,Unfallorte2020_LinRef.csv,5.200308702100548e+18
79380,79381,5,5,15,0,2020,3,5,4,2,0,1,2,1,0,0,0,0,0,"406290,763500000350000","5758766,258600000300000",7.635811876000048,51.971671369000035,1,Unfallorte2020_LinRef.csv,5.200311702100264e+18
79558,79559,5,5,15,0,2020,3,11,3,3,3,1,0,0,0,0,0,1,1,"405230,093799999920000","5754801,598600000100000",7.621469251000065,51.935855478000065,0,Unfallorte2020_LinRef.csv,5.200317702100074e+18
79576,79577,5,5,15,0,2020,3,11,2,2,9,1,0,0,1,0,0,0,0,"409347,899699999950000","5751511,669099999600000",7.682215984000038,51.90696933700008,0,Unfallorte2020_LinRef.csv,5.200316702100568e+18
79601,79602,5,5,15,0,2020,3,8,5,3,7,7,0,0,0,0,0,1,1,"408542,935300000010000","5753678,913200000300000",7.669942246000062,51.92631838700004,0,Unfallorte2020_LinRef.csv,5.200319702100173e+18
79754,79755,5,5,15,0,2020,3,18,3,3,0,7,1,1,1,0,0,0,0,"407809,274000000210000","5761457,188999999300000",7.657188010000027,51.996112795000045,0,Unfallorte2020_LinRef.csv,5.20031770210097e+18
79772,79773,5,5,15,0,2020,3,6,2,3,4,2,1,0,1,0,0,0,0,"399880,581000000240000","5761026,885999999900000",7.541866447000075,51.990872299000046,0,Unfallorte2020_LinRef.csv,5.20031670211077e+18
79798,79799,5,5,15,0,2020,3,16,4,3,5,3,0,1,1,0,0,0,0,"412162,022400000130000","5759473,362400000900000",7.721078959000067,51.978986312000075,0,Unfallorte2020_LinRef.csv,5.200318702100278e+18
80003,80004,5,5,15,0,2020,3,16,3,2,6,4,0,0,1,1,0,0,0,"405841,708399999890000","5753312,383500000500000",7.630770583000071,51.92257349500005,0,Unfallorte2020_LinRef.csv,5.200331702100927e+18
80168,80169,5,5,15,0,2020,3,0,1,2,1,7,2,0,1,0,0,1,0,"401137,845099999570000","5760857,238800000400000",7.560219792000055,51.989572707000036,0,Unfallorte2020_LinRef.csv,5.200322702330875e+18
80173,80174,5,5,15,0,2020,3,8,1,3,5,3,0,1,0,0,0,0,1,"406462,691999999810000","5759014,996999999500000",7.63824620500003,51.97393610600005,0,Unfallorte2020_LinRef.csv,5.200322702100666e+18
80224,80225,5,5,15,0,2020,3,16,3,3,2,6,0,0,1,0,0,0,0,"404756,093899999750000","5756028,356399999900000",7.614236799000025,51.94680116500007,0,Unfallorte2020_LinRef.csv,5.200324702100588e+18
80389,80390,5,5,15,0,2020,3,6,2,3,0,1,0,1,0,0,0,0,0,"407458,976800000300000","5758096,393600000100000",7.65299378800006,51.96584602000007,0,Unfallorte2020_LinRef.csv,5.20032370210021e+18
80533,80534,5,5,15,0,2020,4,13,6,3,4,2,0,1,1,0,0,0,0,"405371,123700000350000","5761224,111300000900000",7.621750228000053,51.993607670000074,0,Unfallorte2020_LinRef.csv,5.200403702100107e+18
80789,80790,5,5,15,0,2020,4,7,5,2,3,1,0,0,1,0,0,1,0,"400300,526600000450000","5755808,667199999100000",7.549495620000073,51.94404585700005,0,Unfallorte2020_LinRef.csv,5.200409071100361e+18
80812,80813,5,5,15,0,2020,4,16,3,3,1,6,0,0,1,0,0,0,0,"406443,337000000290000","5750778,227199999600000",7.640204932000074,51.89989650500007,0,Unfallorte2020_LinRef.csv,5.200407702100068e+18
80843,80844,5,5,15,0,2020,4,17,5,2,5,3,0,1,1,0,0,0,0,"409263,479799999860000","5760354,296099999900000",7.678655099000025,51.98643888400005,0,Unfallorte2020_LinRef.csv,5.200409702100479e+18
80848,80849,5,5,15,0,2020,4,20,3,3,0,1,1,0,1,0,0,0,0,"406571,656000000420000","5761250,890000000600000",7.639223065000067,51.994051640000066,0,Unfallorte2020_LinRef.csv,5.200407702100977e+18
80932,80933,5,5,15,0,2020,4,19,4,3,5,3,0,1,1,0,0,0,0,"399096,639999999660000","5756797,636600000800000",7.531696417000035,51.952717747000065,0,Unfallorte2020_LinRef.csv,5.200408702100688e+18
80954,80955,5,5,15,0,2020,4,12,2,3,2,6,0,0,1,0,0,0,1,"407029,574500000100000","5755616,412799999100000",7.647416409000073,51.94348301500003,0,Unfallorte2020_LinRef.csv,5.200406702100305e+18
80959,80960,5,5,15,0,2020,4,6,5,2,8,1,2,0,1,0,0,1,0,"400340,820500000380000","5755460,598400000500000",7.550182526000071,51.94092457700003,0,Unfallorte2020_LinRef.csv,5.200409702330505e+18
80963,80964,5,5,15,0,2020,4,15,3,2,3,6,0,0,1,0,0,1,0,"400964,668700000270000","5752625,639699999200000",7.560070862000032,51.91555472200008,0,Unfallorte2020_LinRef.csv,5.200407702330477e+18
80989,80990,5,5,15,0,2020,4,16,3,3,6,6,0,1,0,1,0,0,0,"408582,508899999780000","5753993,956100000100000",7.670433908000064,51.92915669700005,0,Unfallorte2020_LinRef.csv,5.200407702100293e+18
81018,81019,5,5,15,0,2020,4,17,4,2,0,7,0,0,0,0,1,0,0,"409463,236800000070000","5758713,218000000300000",7.68199624500005,51.97172046900005,0,Unfallorte2020_LinRef.csv,5.20041570210054e+18
81061,81062,5,5,15,0,2020,4,14,7,2,2,6,0,0,1,0,1,0,0,"401273,261800000440000","5763383,692600000600000",7.56146338800005,52.01230486900005,0,Unfallorte2020_LinRef.csv,5.20041170210007e+18
81223,81224,5,5,15,0,2020,4,8,6,3,5,2,0,1,1,0,0,0,0,"408979,301099999810000","5754137,261700000600000",7.676165235000042,51.93050985000008,0,Unfallorte2020_LinRef.csv,5.200410702100401e+18
81437,81438,5,5,15,0,2020,4,15,5,3,5,3,0,1,0,0,0,0,0,"410233,605200000110000","5751951,281199999200000",7.694973065000056,51.91106433600004,0,Unfallorte2020_LinRef.csv,5.200416702100069e+18
81521,81522,5,5,15,0,2020,4,16,6,3,4,6,0,1,0,0,0,0,0,"407694,539900000210000","5758509,091199999700000",7.656310619000067,51.969594732000076,0,Unfallorte2020_LinRef.csv,5.200417702100588e+18
81730,81731,5,5,15,0,2020,4,5,5,3,8,1,1,0,1,0,0,0,0,"403406,708899999970000","5764188,331700000900000",7.592312348000064,52.01991257200007,0,Unfallorte2020_LinRef.csv,5.200423702350943e+18
81784,81785,5,5,15,0,2020,4,16,2,3,0,6,0,1,0,0,0,0,1,"398715,575600000100000","5753689,182399999400000",7.527068732000032,51.92470945500003,0,Unfallorte2020_LinRef.csv,5.200420702100785e+18
81894,81895,5,5,15,0,2020,4,14,5,3,2,6,0,0,1,0,0,0,0,"406462,400999999610000","5761336,058000000200000",7.637609022000049,51.99479877400006,0,Unfallorte2020_LinRef.csv,5.200423702100955e+18
82019,82020,5,5,15,0,2020,4,15,6,3,5,3,0,1,1,0,0,0,0,"408810,300400000070000","5754084,666999999400000",7.673721883000042,51.93000943100003,0,Unfallorte2020_LinRef.csv,5.200424702100134e+18
82167,82168,5,5,15,0,2020,4,6,2,3,5,7,0,1,1,0,0,0,0,"402080,758000000380000","5761134,528999999200000",7.573868107000067,51.99223207600005,0,Unfallorte2020_LinRef.csv,5.200427702100551e+18
82185,82186,5,5,15,0,2020,4,12,1,3,5,3,0,0,1,0,0,0,0,"404686,929399999790000","5759087,741900000700000",7.61238185600007,51.97428824200006,0,Unfallorte2020_LinRef.csv,5.200426702100564e+18
82243,82244,5,5,15,0,2020,4,11,7,3,5,2,0,1,1,0,0,0,0,"405517,718700000080000","5754619,942800000300000",7.625701658000025,51.93427157800005,0,Unfallorte2020_LinRef.csv,5.200425702100066e+18
82302,82303,5,5,15,0,2020,4,8,3,3,5,3,0,1,1,0,0,0,0,"403769,270399999800000","5754709,913100000500000",7.600252444000034,51.934780680000074,0,Unfallorte2020_LinRef.csv,5.200428702100766e+18
82341,82342,5,5,15,0,2020,4,13,1,3,5,3,0,1,0,0,0,0,0,"402739,751600000080000","5754892,935799999200000",7.585230485000068,51.93624677200006,0,Unfallorte2020_LinRef.csv,5.200426702100576e+18
82378,82379,5,5,15,0,2020,5,1,4,3,8,7,2,0,1,0,0,0,0,"403899,327999999750000","5753148,958599999500000",7.60257951400007,51.92077268300005,0,Unfallorte2020_LinRef.csv,5.200506702100597e+18
82387,82388,5,5,15,0,2020,5,11,3,2,5,3,0,1,1,0,0,0,0,"408256,248900000010000","5754128,073400000100000",7.665654447000065,51.93030854800003,0,Unfallorte2020_LinRef.csv,5.200505702100072e+18
82469,82470,5,5,15,0,2020,5,14,7,3,1,5,0,1,1,0,0,0,1,"405708,453400000000000","5755662,309299999800000",7.628189355000075,51.94367321100003,0,Unfallorte2020_LinRef.csv,5.200502702100268e+18
82535,82536,5,5,15,0,2020,5,7,3,3,3,6,0,1,0,0,0,0,0,"404814,470700000410000","5761202,207299999900000",7.613651333000064,51.99331565800003,0,Unfallorte2020_LinRef.csv,5.200505702100702e+18
82640,82641,5,5,15,0,2020,5,10,4,3,5,1,0,1,1,0,0,0,0,"406997,196999999690000","5751290,437999999200000",7.648114338000028,51.90459328500003,0,Unfallorte2020_LinRef.csv,5.200506702100142e+18
82696,82697,5,5,15,0,2020,4,8,5,2,5,2,0,1,0,1,0,0,0,"405930,756000000050000","5756160,029600000000000",7.631286357000022,51.94818459000004,0,Unfallorte2020_LinRef.csv,5.200430702100662e+18
82698,82699,5,5,15,0,2020,4,18,5,2,8,1,0,0,1,0,0,0,0,"409673,672299999740000","5753888,446300000000000",7.686326831000031,51.92838644200003,0,Unfallorte2020_LinRef.csv,5.20043070210042e+18
82716,82717,5,5,15,0,2020,5,10,3,2,0,1,0,1,0,0,0,0,0,"405455,252999999560000","5759121,153999999200000",7.62355481000003,51.97471980900008,0,Unfallorte2020_LinRef.csv,5.200505702100888e+18
82725,82726,5,5,15,0,2020,4,16,4,3,8,1,0,0,1,0,0,0,0,"400858,568400000220000","5753118,773499999200000",7.55838675800004,51.91996824700004,0,Unfallorte2020_LinRef.csv,5.200429702330777e+18
82728,82729,5,5,15,0,2020,4,16,4,3,6,4,0,0,1,1,0,0,0,"405396,006000000050000","5755466,605000000400000",7.623698942000033,51.94186108900004,0,Unfallorte2020_LinRef.csv,5.200429702100978e+18
82823,82824,5,5,15,0,2020,5,12,2,3,0,2,0,0,1,0,0,0,1,"406321,843799999920000","5756458,735099999200000",7.636893552000061,51.95093550300004,0,Unfallorte2020_LinRef.csv,5.200511702100462e+18
82831,82832,5,5,15,0,2020,5,12,7,3,4,6,0,1,0,0,0,0,0,"401118,934500000440000","5761933,328299999200000",7.559634092000067,51.99924136700008,0,Unfallorte2020_LinRef.csv,5.200509702100942e+18
82945,82946,5,5,15,0,2020,5,11,6,2,5,3,0,1,1,0,0,0,0,"398555,595300000160000","5753733,528400000200000",7.52472997700005,51.92507891200006,0,Unfallorte2020_LinRef.csv,5.20050870210074e+18
83110,83111,5,5,15,0,2020,5,17,3,3,9,1,0,0,1,0,0,0,0,"403908,701600000260000","5754763,557499999200000",7.60226493700003,51.935286949000044,0,Unfallorte2020_LinRef.csv,5.200512702100845e+18
83120,83121,5,5,15,0,2020,5,17,6,3,0,3,0,1,1,0,0,0,0,"405702,277200000360000","5753881,491599999400000",7.628587715000037,51.92766532300004,0,Unfallorte2020_LinRef.csv,5.200508702100771e+18
83131,83132,5,5,15,0,2020,5,19,7,3,2,6,0,0,1,0,1,0,0,"408859,556200000460000","5753188,658099999700000",7.674675333000039,51.92196357600005,0,Unfallorte2020_LinRef.csv,5.200509702100791e+18
83183,83184,5,5,15,0,2020,5,12,1,3,5,3,0,1,1,0,0,0,0,"413523,891699999570000","5752562,299799999200000",7.742641267000067,51.917077309000035,0,Unfallorte2020_LinRef.csv,5.200510702100801e+18
83244,83245,5,5,15,0,2020,5,14,6,3,3,2,0,1,1,0,0,0,0,"404680,878800000060000","5759559,368200000400000",7.612162796000064,51.97852634900005,0,Unfallorte2020_LinRef.csv,5.200508702100264e+18
83287,83288,5,5,15,0,2020,5,13,4,3,5,2,0,1,0,0,0,0,1,"406309,736200000160000","5756677,391200000400000",7.636657817000071,51.95289885100004,0,Unfallorte2020_LinRef.csv,5.200506702100769e+18
83310,83311,5,5,15,0,2020,5,9,3,2,1,7,0,0,1,0,1,0,0,"406257,635400000030000","5751171,640599999600000",7.637399682000023,51.90340151500004,0,Unfallorte2020_LinRef.csv,5.200519702100237e+18
83346,83347,5,5,15,0,2020,5,14,6,3,2,6,0,0,1,0,0,0,0,"408594,215099999680000","5756453,403699999700000",7.669950390000054,51.95126567600005,0,Unfallorte2020_LinRef.csv,5.20051570210005e+18
83410,83411,5,5,15,0,2020,5,15,2,3,1,7,0,1,1,0,0,0,0,"406386,591599999930000","5751115,576600000300000",7.639288793000048,51.90291926300006,0,Unfallorte2020_LinRef.csv,5.20051870210067e+18
83547,83548,5,5,15,0,2020,5,16,2,3,5,3,0,1,1,0,0,0,0,"406292,694899999540000","5751055,630400000100000",7.637940680000042,51.90236464800006,0,Unfallorte2020_LinRef.csv,5.200518702100072e+18
83654,83655,5,5,15,0,2020,5,13,5,3,0,6,0,0,1,0,0,0,0,"400810,864400000310000","5752591,681099999700000",7.557845162000035,51.915222121000056,0,Unfallorte2020_LinRef.csv,5.2005147023309e+18
83735,83736,5,5,15,0,2020,5,21,2,3,1,1,0,0,1,0,0,0,0,"406877,085599999870000","5757728,626599999100000",7.644626192000033,51.96244317400004,0,Unfallorte2020_LinRef.csv,5.200518702100147e+18
84005,84006,5,5,15,0,2020,5,18,4,3,0,1,0,1,0,0,0,0,0,"407044,504999999890000","5757870,224999999600000",7.64702386700003,51.96374395000004,0,Unfallorte2020_LinRef.csv,5.20052070210087e+18
84028,84029,5,5,15,0,2020,5,11,4,2,0,7,0,1,0,0,0,0,0,"404012,926799999550000","5753568,532700000300000",7.604113857000073,51.92456358100003,0,Unfallorte2020_LinRef.csv,5.200520702100272e+18
84147,84148,5,5,15,0,2020,5,4,2,3,3,6,1,0,1,0,0,1,0,"400742,745000000110000","5753584,792400000600000",7.556568785000025,51.92413629400005,1,Unfallorte2020_LinRef.csv,5.200525702330562e+18
84150,84151,5,5,15,0,2020,5,19,2,3,2,6,1,0,1,0,0,0,0,"407196,707999999630000","5761114,434000000400000",7.648361092000073,51.99292991600004,0,Unfallorte2020_LinRef.csv,5.200525702100568e+18
84152,84153,5,5,15,0,2020,5,1,2,3,5,3,2,1,1,0,0,0,0,"405946,015999999830000","5756806,164999999100000",7.631331492000072,51.95399493700006,0,Unfallorte2020_LinRef.csv,5.200525702100105e+18
84153,84154,5,5,15,0,2020,5,14,2,3,0,2,0,1,1,0,0,0,0,"405373,525999999610000","5761218,922000000300000",7.62178663800006,51.99356143600005,0,Unfallorte2020_LinRef.csv,5.200525702100068e+18
84294,84295,5,5,15,0,2020,5,17,1,3,3,7,0,0,1,0,0,0,0,"408178,589399999940000","5751408,058299999700000",7.665250612000023,51.90584650200003,1,Unfallorte2020_LinRef.csv,5.200524702100468e+18
84390,84391,5,5,15,0,2020,5,14,4,3,0,3,0,1,1,0,0,0,0,"405233,709499999880000","5750571,313400000300000",7.622685990000036,51.89783224300004,0,Unfallorte2020_LinRef.csv,5.200527702100579e+18
84402,84403,5,5,15,0,2020,5,17,6,3,2,6,0,0,1,0,0,0,0,"402980,594600000420000","5763640,682800000500000",7.586259675000065,52.01491584900003,0,Unfallorte2020_LinRef.csv,5.200529071300799e+18
84509,84510,5,5,15,0,2020,5,17,5,3,2,6,0,0,1,0,0,0,0,"404326,968299999830000","5765972,018100000900000",7.605220515000042,52.03610424400006,0,Unfallorte2020_LinRef.csv,5.200528702350005e+18
84570,84571,5,5,15,0,2020,5,11,5,3,5,3,0,0,1,0,0,0,0,"403886,285000000150000","5754770,105000000400000",7.601937142000054,51.93534192900006,0,Unfallorte2020_LinRef.csv,5.200528702100068e+18
84596,84597,5,5,15,0,2020,5,15,3,3,4,2,0,0,1,0,1,0,0,"412290,338100000280000","5753463,457699999200000",7.724480633000042,51.924984754000036,0,Unfallorte2020_LinRef.csv,5.200526702100615e+18
84759,84760,5,5,15,0,2020,5,15,1,3,0,7,0,1,0,0,0,0,0,"412319,016499999910000","5752446,248800000200000",7.725156637000055,51.91584573100005,0,Unfallorte2020_LinRef.csv,5.20053170210083e+18
84970,84971,5,5,15,0,2020,5,20,1,3,1,6,1,0,1,0,0,0,0,"408354,151100000370000","5756524,720799999300000",7.666439211000068,51.951867211000035,0,Unfallorte2020_LinRef.csv,5.20053170210044e+18
85020,85021,5,5,15,0,2020,5,20,6,3,3,2,0,1,1,0,0,0,0,"405723,748900000010000","5753793,796499999200000",7.628923913000051,51.92688071300006,0,Unfallorte2020_LinRef.csv,5.200529702100805e+18
85022,85023,5,5,15,0,2020,5,15,6,3,0,1,0,1,0,0,0,0,0,"405574,321399999780000","5754356,275100000200000",7.62659708800004,51.93191121400008,0,Unfallorte2020_LinRef.csv,5.200529702100794e+18
85025,85026,5,5,15,0,2020,5,22,6,3,4,1,2,1,0,0,0,0,0,"406477,680800000210000","5756264,820499999400000",7.639213203000054,51.94921872800006,0,Unfallorte2020_LinRef.csv,5.200529702100558e+18
85028,85029,5,5,15,0,2020,5,8,6,3,5,3,0,1,0,0,0,0,0,"406384,718500000420000","5757328,532199999300000",7.63757117800003,51.95876424700003,0,Unfallorte2020_LinRef.csv,5.200529702100364e+18
85036,85037,5,5,15,0,2020,6,15,5,3,0,7,0,1,0,0,0,0,0,"407163,647099999710000","5756899,567099999600000",7.649019801000065,51.95503908200004,1,Unfallorte2020_LinRef.csv,5.200604702100987e+18
85083,85084,5,5,15,0,2020,6,14,3,3,2,6,0,0,1,0,0,0,0,"405943,915699999780000","5752585,060799999200000",7.632455088000029,51.91605321700007,0,Unfallorte2020_LinRef.csv,5.200602702100169e+18
85229,85230,5,5,15,0,2020,6,10,3,3,0,3,0,0,0,0,0,0,1,"407851,268000000160000","5756792,740000000200000",7.659051926000075,51.954193227000076,0,Unfallorte2020_LinRef.csv,5.200602702100842e+18
85299,85300,5,5,15,0,2020,6,23,3,3,0,2,2,0,1,0,0,0,0,"402295,523299999540000","5754691,738800000400000",7.578827929000056,51.93436053700003,0,Unfallorte2020_LinRef.csv,5.200602702100056e+18
85439,85440,5,5,15,0,2020,6,16,6,3,2,6,0,0,1,0,0,0,0,"404283,769199999980000","5759014,890499999700000",7.606534625000052,51.97356413700004,1,Unfallorte2020_LinRef.csv,5.200605702100761e+18
85446,85447,5,5,15,0,2020,6,19,6,3,2,6,0,0,1,0,0,0,0,"407837,021999999880000","5754599,084000000700000",7.659432724000055,51.93447301400005,1,Unfallorte2020_LinRef.csv,5.200605702100572e+18
85454,85455,5,5,15,0,2020,6,19,6,3,0,3,1,1,1,0,0,0,0,"407194,418200000190000","5761114,229199999900000",7.648327808000033,51.99292769300007,1,Unfallorte2020_LinRef.csv,5.200605702100072e+18
85561,85562,5,5,15,0,2020,6,16,2,3,5,3,0,1,1,0,0,0,0,"409878,451000000350000","5761082,107999999100000",7.687416745000064,51.993081018000055,0,Unfallorte2020_LinRef.csv,5.200608702100761e+18
85577,85578,5,5,15,0,2020,6,16,2,3,0,7,0,0,1,0,0,0,0,"409032,152400000020000","5757742,094000000500000",7.675979764000033,51.96292102700005,0,Unfallorte2020_LinRef.csv,5.200608702100339e+18
85607,85608,5,5,15,0,2020,6,9,2,3,2,6,0,0,1,0,0,0,0,"407859,708100000400000","5754599,798200000100000",7.65976241900006,51.93448319000004,0,Unfallorte2020_LinRef.csv,5.200608702100105e+18
85885,85886,5,5,15,0,2020,6,19,1,3,9,1,0,0,1,0,0,0,0,"402226,539599999790000","5752670,625900000300000",7.578398984000046,51.91618204800005,1,Unfallorte2020_LinRef.csv,5.200614702330906e+18
85902,85903,5,5,15,0,2020,6,18,2,3,5,2,0,1,1,0,0,0,0,"403220,964499999770000","5754225,521700000400000",7.592415778000031,51.93033172100007,1,Unfallorte2020_LinRef.csv,5.200615702100979e+18
85955,85956,5,5,15,0,2020,6,14,6,3,5,2,0,1,1,0,0,0,0,"399201,104000000280000","5763066,806900000200000",7.531374081000024,52.00908421400004,0,Unfallorte2020_LinRef.csv,5.200612702100077e+18
86140,86141,5,5,15,0,2020,6,23,6,2,8,1,2,1,0,0,0,0,0,"406699,997999999670000","5750235,573000000800000",7.644081090000043,51.89506184100003,0,Unfallorte2020_LinRef.csv,5.200612702100765e+18
86198,86199,5,5,15,0,2020,6,13,4,3,4,7,0,1,1,0,0,0,0,"404442,097400000320000","5755347,819499999300000",7.609858859000042,51.94063037900003,0,Unfallorte2020_LinRef.csv,5.200610702100405e+18
86210,86211,5,5,15,0,2020,6,21,4,3,5,2,0,0,1,0,0,0,0,"406462,400999999610000","5761336,058000000200000",7.637609022000049,51.99479877400006,0,Unfallorte2020_LinRef.csv,5.200610702100066e+18
86310,86311,5,5,15,0,2020,6,13,7,3,5,3,0,1,1,0,0,0,0,"401195,318799999540000","5753700,862800000200000",7.563114701000075,51.92526006800006,0,Unfallorte2020_LinRef.csv,5.200620702100612e+18
86330,86331,5,5,15,0,2020,6,12,6,3,2,6,0,0,1,0,0,0,0,"409099,174999999810000","5751483,331000000200000",7.678608857000029,51.90667408200005,0,Unfallorte2020_LinRef.csv,5.20061970210059e+18
86397,86398,5,5,15,0,2020,6,12,6,1,5,7,0,1,1,0,0,0,0,"402697,101200000380000","5754855,792099999300000",7.584620794000045,51.93590545700005,0,Unfallorte2020_LinRef.csv,5.20061970210087e+18
86411,86412,5,5,15,0,2020,6,17,4,3,1,7,0,1,1,0,0,0,0,"411681,021200000310000","5751948,716900000300000",7.716010551000068,51.91127268300005,1,Unfallorte2020_LinRef.csv,5.200617702100179e+18
86457,86458,5,5,15,0,2020,6,14,5,3,2,6,0,0,1,0,0,0,1,"405972,618999999950000","5752311,448000000800000",7.632946998000023,51.913598688000036,0,Unfallorte2020_LinRef.csv,5.200618702100553e+18
86463,86464,5,5,15,0,2020,6,17,5,3,5,2,0,1,1,0,0,0,0,"405575,330299999560000","5754351,975099999500000",7.626612938000051,51.93187273500007,0,Unfallorte2020_LinRef.csv,5.200618702100056e+18
86488,86489,5,5,15,0,2020,6,15,6,3,5,3,0,1,1,0,0,0,0,"411043,593799999920000","5751987,693900000300000",7.706736048000039,51.911521598000036,0,Unfallorte2020_LinRef.csv,5.2006197021006e+18
86598,86599,5,5,15,0,2020,6,8,6,3,0,3,0,1,1,0,0,0,0,"404247,341500000100000","5748608,848200000800000",7.608899660000077,51.88002405600008,0,Unfallorte2020_LinRef.csv,5.200619702100572e+18
86666,86667,5,5,15,0,2020,6,16,6,3,2,6,0,0,1,0,0,1,0,"408211,250300000420000","5754190,465600000700000",7.664983523000046,51.930861949000075,0,Unfallorte2020_LinRef.csv,5.200619702100771e+18
86673,86674,5,5,15,0,2020,6,6,3,2,5,7,0,0,1,0,0,0,0,"405374,967699999920000","5761215,867699999400000",7.621808473000044,51.993534228000044,0,Unfallorte2020_LinRef.csv,5.200616702100966e+18
86771,86772,5,5,15,0,2020,6,17,4,3,2,2,0,1,1,0,0,0,0,"408962,418499999680000","5756242,510099999600000",7.675362446000065,51.949430422000034,0,Unfallorte2020_LinRef.csv,5.200624702100011e+18
86803,86804,5,5,15,0,2020,6,20,3,3,0,6,0,0,0,0,1,0,0,"407855,055499999780000","5756791,498900000000000",7.659107358000028,51.95418269800007,0,Unfallorte2020_LinRef.csv,5.200623702100568e+18
86859,86860,5,5,15,0,2020,6,15,5,3,6,7,0,0,0,1,0,0,1,"404186,592199999840000","5765526,631100000800000",7.603299456000059,52.03207676400007,0,Unfallorte2020_LinRef.csv,5.200625702350005e+18
86890,86891,5,5,15,0,2020,6,8,2,3,5,1,0,1,1,0,0,0,0,"404576,923999999650000","5755276,292999999600000",7.611839492000058,51.94001060900007,0,Unfallorte2020_LinRef.csv,5.200622702100693e+18
86979,86980,5,5,15,0,2020,6,14,4,3,1,7,0,0,1,0,0,0,0,"402470,362200000320000","5757590,265200000300000",7.580547845000069,51.96044396900004,0,Unfallorte2020_LinRef.csv,5.200624702100466e+18