,OBJECTID,ULAND,UREGBEZ,UKREIS,UGEMEINDE,UJAHR,UMONAT,USTUNDE,UWOCHENTAG,UKATEGORIE,UART,UTYP1,ULICHTVERH,IstRad,IstPKW,IstFuss,IstKrad,IstGkfz,IstSonstige,LINREFX,LINREFY,XGCSWGS84,YGCSWGS84,STRZUSTAND,source_file,UIDENTSTLAE
87167,87168,5,5,15,0,2020,6,11,5,3,0,1,0,1,0,0,0,0,0,"406538,672500000340000","5758767,041799999800000",7.639419539000073,51.97172015400008,0,Unfallorte2020_LinRef.csv,5.20062570210087e+18
87213,87214,5,5,15,0,2020,6,3,1,2,8,1,2,0,1,0,0,0,0,"401960,746100000110000","5749159,466000000000000",7.575534375000075,51.88457586100003,1,Unfallorte2020_LinRef.csv,5.200628702330782e+18
87214,87215,5,5,15,0,2020,6,10,1,3,4,6,0,1,0,0,0,0,0,"413561,095399999990000","5752536,268500000200000",7.743188601000043,51.916849092000064,0,Unfallorte2020_LinRef.csv,5.200628702100344e+18
87290,87291,5,5,15,0,2020,6,0,7,2,0,7,2,1,0,0,0,0,0,"400277,648599999960000","5756850,773399999400000",7.54886054900004,51.95340836500003,0,Unfallorte2020_LinRef.csv,5.200627702100349e+18
87408,87409,5,5,15,0,2020,6,11,6,3,6,4,0,0,1,1,0,0,0,"399373,989500000140000","5756988,718900000700000",7.535674909000022,51.954485463000026,0,Unfallorte2020_LinRef.csv,5.200626702100907e+18
87410,87411,5,5,15,0,2020,6,18,6,3,4,2,0,1,1,0,0,0,0,"400144,917299999860000","5747452,186200000300000",7.549654170000054,51.86890810800003,0,Unfallorte2020_LinRef.csv,5.200626702100572e+18
87478,87479,5,5,15,0,2020,7,12,4,3,6,7,0,0,1,1,0,0,0,"406014,148500000130000","5751592,081599999200000",7.63374686800006,51.907139647000065,1,Unfallorte2020_LinRef.csv,5.200701702100779e+18
87498,87499,5,5,15,0,2020,7,16,5,3,0,7,0,0,0,0,1,0,0,"407099,056499999950000","5751310,072499999800000",7.649589227000035,51.904786767000076,0,Unfallorte2020_LinRef.csv,5.200702702100192e+18
87551,87552,5,5,15,0,2020,7,7,4,3,0,3,0,0,1,0,1,0,0,"408116,313000000080000","5760399,453999999900000",7.66194235100005,51.98665621600003,1,Unfallorte2020_LinRef.csv,5.20070170210005e+18
87583,87584,5,5,15,0,2020,6,17,3,3,5,7,0,1,0,0,0,0,0,"404133,479299999770000","5756277,283600000700000",7.605111457000021,51.94893166400004,0,Unfallorte2020_LinRef.csv,5.200630702100566e+18
87595,87596,5,5,15,0,2020,6,12,3,3,5,3,0,1,1,0,0,0,0,"409764,444099999960000","5751793,053300000700000",7.688195757000074,51.90956625600006,0,Unfallorte2020_LinRef.csv,5.200630702100271e+18
87619,87620,5,5,15,0,2020,6,19,3,3,0,2,0,1,1,0,0,0,0,"403994,963499999610000","5761414,516100000600000",7.601659827000049,51.995082884000055,0,Unfallorte2020_LinRef.csv,5.200630702100179e+18
87623,87624,5,5,15,0,2020,6,17,3,3,0,1,0,1,0,0,0,0,0,"407404,172899999660000","5755092,879200000300000",7.653005611000026,51.938839675000054,0,Unfallorte2020_LinRef.csv,5.200630702100068e+18
87657,87658,5,5,15,0,2020,7,11,4,3,0,1,0,0,1,0,0,0,0,"397953,888700000010000","5758108,482999999100000",7.514684191000072,51.96429113200003,1,Unfallorte2020_LinRef.csv,5.20070170210057e+18
87706,87707,5,5,15,0,2020,6,10,2,3,5,3,0,1,1,0,0,0,0,"406010,232900000180000","5751601,283199999500000",7.633687455000029,51.90722169500003,0,Unfallorte2020_LinRef.csv,5.200629702100979e+18
87801,87802,5,5,15,0,2020,7,11,7,3,5,3,0,0,1,0,0,0,0,"402952,431099999700000","5757816,145099999400000",7.587497771000074,51.96255859400003,0,Unfallorte2020_LinRef.csv,5.200704702100556e+18
87822,87823,5,5,15,0,2020,7,14,2,3,2,1,0,0,1,0,0,0,0,"404675,095800000240000","5759233,459799999400000",7.61216915600005,51.97559597700007,1,Unfallorte2020_LinRef.csv,5.20070670210001e+18
87924,87925,5,5,15,0,2020,7,17,6,3,1,6,0,0,1,0,0,0,0,"411053,692999999970000","5759216,780200000900000",7.705012620000048,51.976503654000055,0,Unfallorte2020_LinRef.csv,5.200703702100558e+18
87927,87928,5,5,15,0,2020,7,14,6,3,5,3,0,1,1,0,0,0,0,"406485,846599999820000","5750687,976600000600000",7.64084708200005,51.89909241600003,0,Unfallorte2020_LinRef.csv,5.200703702100368e+18
87929,87930,5,5,15,0,2020,7,6,6,3,5,3,0,0,1,0,0,0,0,"407198,187800000420000","5755367,268500000200000",7.649935991000064,51.94127172100008,0,Unfallorte2020_LinRef.csv,5.200703702100253e+18
87952,87953,5,5,15,0,2020,7,10,2,2,2,6,0,0,0,0,0,1,1,"404657,326999999580000","5766905,164000000800000",7.609774926000057,52.044548493000036,0,Unfallorte2020_LinRef.csv,5.200706702350805e+18
88012,88013,5,5,15,0,2020,7,17,2,3,0,7,0,1,1,0,0,0,0,"405513,157700000330000","5754648,963199999200000",7.625627365000071,51.93453165300008,0,Unfallorte2020_LinRef.csv,5.200706702100008e+18
88076,88077,5,5,15,0,2020,7,22,6,3,5,3,1,1,1,0,0,0,0,"405482,343100000170000","5754870,253599999500000",7.625118481000072,51.93651548200006,0,Unfallorte2020_LinRef.csv,5.200710702100405e+18
88120,88121,5,5,15,0,2020,7,8,5,3,0,7,0,1,0,0,0,0,0,"409547,904500000180000","5760811,437799999500000",7.682675252000024,51.990594335000026,1,Unfallorte2020_LinRef.csv,5.200709702100398e+18
88277,88278,5,5,15,0,2020,7,11,6,2,5,3,0,0,1,0,0,0,0,"403602,778099999760000","5766029,893799999700000",7.594649939000021,52.03649901800003,1,Unfallorte2020_LinRef.csv,5.200710702100043e+18
88480,88481,5,5,15,0,2020,7,14,4,3,5,3,0,1,1,0,0,0,0,"405654,320199999960000","5757011,572899999100000",7.627031664000072,51.95579182500006,0,Unfallorte2020_LinRef.csv,5.200715702100342e+18
88490,88491,5,5,15,0,2020,7,13,2,2,0,7,0,1,0,0,0,0,0,"404844,390700000340000","5762368,306199999500000",7.613763212000038,52.00380206400007,0,Unfallorte2020_LinRef.csv,5.200713702100773e+18
88552,88553,5,5,15,0,2020,7,9,4,2,0,7,0,0,0,0,0,0,1,"405130,042000000370000","5757071,271999999900000",7.619387993000032,51.95623923000005,0,Unfallorte2020_LinRef.csv,5.200715702100169e+18
88583,88584,5,5,15,0,2020,7,12,2,2,5,3,0,0,1,0,1,0,0,"399979,844999999740000","5761179,025000000400000",7.543267236000077,51.99225761900004,0,Unfallorte2020_LinRef.csv,5.20071370210008e+18
88591,88592,5,5,15,0,2020,7,17,3,3,5,3,0,0,1,0,0,0,0,"409340,949000000020000","5760555,642999999200000",7.679729689000055,51.988261358000045,1,Unfallorte2020_LinRef.csv,5.200714702000648e+18
88695,88696,5,5,15,0,2020,7,14,4,3,5,2,0,1,1,0,0,0,0,"403284,500400000250000","5754184,708300000100000",7.593351034000023,51.92997591900007,0,Unfallorte2020_LinRef.csv,5.20071570210027e+18
88723,88724,5,5,15,0,2020,7,6,2,3,5,3,0,0,1,0,0,0,0,"411796,020999999720000","5754363,224999999600000",7.717063327000062,51.932994492000034,0,Unfallorte2020_LinRef.csv,5.200713702100538e+18
88731,88732,5,5,15,0,2020,7,16,3,3,2,1,0,0,1,0,0,0,0,"403428,749400000090000","5759854,716299999500000",7.59385467900006,51.980964810000046,1,Unfallorte2020_LinRef.csv,5.200714702100165e+18
88755,88756,5,5,15,0,2020,7,15,2,3,5,3,0,1,1,0,0,0,0,"407074,228799999690000","5753966,720899999100000",7.648511540000072,51.928662134000035,0,Unfallorte2020_LinRef.csv,5.200720702100077e+18
88926,88927,5,5,15,0,2020,7,13,2,3,8,1,0,0,1,0,0,0,0,"408928,450899999590000","5758114,800400000100000",7.674372001000052,51.96625415900007,0,Unfallorte2020_LinRef.csv,5.20072070210057e+18
89117,89118,5,5,15,0,2020,7,7,6,2,5,3,0,1,1,0,0,0,0,"398725,377000000330000","5755248,876000000200000",7.52675212500003,51.93872990300008,0,Unfallorte2020_LinRef.csv,5.200717702100957e+18
89121,89122,5,5,15,0,2020,7,12,6,3,2,6,0,0,1,0,1,0,0,"405600,366200000050000","5754303,666699999900000",7.626990221000028,51.931442763000064,0,Unfallorte2020_LinRef.csv,5.200717702100811e+18
89388,89389,5,5,15,0,2020,7,15,3,3,0,7,0,1,0,0,0,0,1,"401063,991399999710000","5761969,306399999200000",7.558823643000039,51.999554955000065,0,Unfallorte2020_LinRef.csv,5.200721702100492e+18
89400,89401,5,5,15,0,2020,7,13,5,2,1,1,0,1,0,0,0,0,0,"407361,245000000110000","5755143,222600000000000",7.652367763000029,51.93928504400003,0,Unfallorte2020_LinRef.csv,5.200723702100088e+18
89509,89510,5,5,15,0,2020,7,15,6,3,0,1,0,1,0,1,0,0,0,"409135,142099999820000","5751486,578999999900000",7.679130691000069,51.906709146000026,0,Unfallorte2020_LinRef.csv,5.200724702100266e+18
89571,89572,5,5,15,0,2020,7,15,5,3,5,2,0,1,1,0,0,0,0,"405908,929800000040000","5755977,586999999400000",7.631018820000065,51.94654101900005,0,Unfallorte2020_LinRef.csv,5.200723702100167e+18
89714,89715,5,5,15,0,2020,7,12,4,3,5,2,0,1,1,0,0,0,0,"401649,468899999750000","5755591,327400000800000",7.569176577000064,51.94233246400006,0,Unfallorte2020_LinRef.csv,5.20072970210068e+18
89878,89879,5,5,15,0,2020,7,16,2,3,5,2,0,1,1,0,0,0,0,"405839,716400000270000","5753319,395099999400000",7.630739707000032,51.922636182000076,0,Unfallorte2020_LinRef.csv,5.200727702100142e+18
89897,89898,5,5,15,0,2020,7,11,4,3,0,2,0,0,1,0,0,0,1,"405615,047000000250000","5757054,303099999200000",7.626448579000055,51.956169239000076,0,Unfallorte2020_LinRef.csv,5.200729702100773e+18
89963,89964,5,5,15,0,2020,7,12,5,3,5,3,0,1,1,0,0,0,0,"407296,219100000340000","5757988,425000000700000",7.650654581000026,51.96484842400008,0,Unfallorte2020_LinRef.csv,5.200730702100665e+18
90058,90059,5,5,15,0,2020,7,10,6,2,0,1,0,0,0,0,1,0,0,"405517,969499999660000","5754618,347200000700000",7.625705743000026,51.934257279000064,0,Unfallorte2020_LinRef.csv,5.200731702100589e+18
90062,90063,5,5,15,0,2020,7,12,6,3,2,6,0,0,1,0,0,0,1,"404276,213999999690000","5759001,720000000700000",7.606428343000061,51.97344445500005,0,Unfallorte2020_LinRef.csv,5.200731702100564e+18
90067,90068,5,5,15,0,2020,7,20,6,2,8,1,0,1,0,0,0,0,0,"400385,066999999810000","5760232,792999999600000",7.549441855000055,51.98382563000007,0,Unfallorte2020_LinRef.csv,5.200731702100465e+18
90088,90089,5,5,15,0,2020,7,13,6,3,2,6,0,0,1,0,0,0,0,"401305,514499999580000","5748229,687000000800000",7.56628328000005,51.876103097000055,0,Unfallorte2020_LinRef.csv,5.200731702100429e+18
90091,90092,5,5,15,0,2020,8,18,3,2,0,3,0,1,0,0,0,0,0,"403488,899199999870000","5749779,496200000900000",7.59755702800004,51.89041559800006,0,Unfallorte2020_LinRef.csv,5.200804702100668e+18
90116,90117,5,5,15,0,2020,8,9,4,3,8,1,0,1,0,0,0,0,0,"406429,367100000380000","5756299,938699999800000",7.638500874000044,51.94952626200006,0,Unfallorte2020_LinRef.csv,5.200805702100171e+18
90160,90161,5,5,15,0,2020,8,15,2,3,5,3,0,0,1,0,0,0,0,"406567,578099999580000","5759140,074100000800000",7.639738664000049,51.97507800100004,0,Unfallorte2020_LinRef.csv,5.200803702100388e+18
90299,90300,5,5,15,0,2020,8,15,4,3,5,3,0,1,1,0,0,0,0,"411528,327999999750000","5751923,823999999100000",7.713797680000027,51.91102469100008,0,Unfallorte2020_LinRef.csv,5.200805702100257e+18
90320,90321,5,5,15,0,2020,8,11,7,3,0,3,0,0,1,0,1,0,0,"399372,357300000270000","5756988,622800000000000",7.535651193000035,51.95448430400006,1,Unfallorte2020_LinRef.csv,5.200801702100068e+18
90379,90380,5,5,15,0,2020,8,16,2,2,3,1,0,1,1,0,0,0,0,"398480,167899999770000","5750883,508700000100000",7.524473434000072,51.89944887900003,0,Unfallorte2020_LinRef.csv,5.200803702100542e+18
90604,90605,5,5,15,0,2020,8,10,5,3,5,6,0,1,1,0,0,0,0,"405526,650899999770000","5751880,212400000500000",7.626583400000072,51.909647051000036,0,Unfallorte2020_LinRef.csv,5.200806702100473e+18
90656,90657,5,5,15,0,2020,8,12,5,3,5,3,0,0,1,0,0,0,0,"408812,537999999710000","5754085,600999999800000",7.673754171000041,51.93001819300008,0,Unfallorte2020_LinRef.csv,5.200806702100051e+18
90734,90735,5,5,15,0,2020,8,22,6,3,0,1,2,1,0,0,0,0,0,"405800,343899999750000","5755753,140599999600000",7.629500934000021,51.94450521200008,0,Unfallorte2020_LinRef.csv,5.200807702100305e+18
90766,90767,5,5,15,0,2020,8,13,5,3,4,2,0,0,1,0,0,0,0,"402133,687800000420000","5753661,357999999100000",7.576767767000035,51.92507074000008,0,Unfallorte2020_LinRef.csv,5.200806702100068e+18
90861,90862,5,5,15,0,2020,8,8,2,3,5,2,0,1,1,0,0,0,0,"410596,309500000440000","5753369,782199999300000",7.699876309000047,51.92387325200008,0,Unfallorte2020_LinRef.csv,5.200810702100705e+18
90863,90864,5,5,15,0,2020,8,15,2,3,4,6,0,1,0,0,0,0,0,"408202,679800000040000","5758350,172399999600000",7.663747917000023,51.96825043600006,0,Unfallorte2020_LinRef.csv,5.200810702100477e+18
90962,90963,5,5,15,0,2020,8,16,1,3,1,6,0,0,1,0,1,0,0,"400857,788999999870000","5753006,591499999200000",7.558407731000045,51.91895979000003,0,Unfallorte2020_LinRef.csv,5.200809702330579e+18
90965,90966,5,5,15,0,2020,8,18,1,3,0,1,0,0,0,0,1,0,0,"412094,695000000300000","5752017,524700000900000",7.722005399000068,51.91195662900003,1,Unfallorte2020_LinRef.csv,5.2008097021006e+18
90967,90968,5,5,15,0,2020,8,21,1,3,1,6,0,1,1,0,0,0,0,"404655,399000000210000","5756666,654500000200000",7.612595123000062,51.95252119200006,0,Unfallorte2020_LinRef.csv,5.200809702100171e+18
91162,91163,5,5,15,0,2020,8,17,4,3,3,6,0,1,0,0,0,0,0,"405765,637799999680000","5753565,382799999800000",7.629595461000065,51.92483470900004,0,Unfallorte2020_LinRef.csv,5.200812702100975e+18
91199,91200,5,5,15,0,2020,8,19,5,3,5,2,0,1,1,0,0,0,0,"406689,443900000300000","5751237,872199999200000",7.643656435000025,51.90406933200006,0,Unfallorte2020_LinRef.csv,5.200813702100029e+18
91369,91370,5,5,15,0,2020,8,12,3,3,2,6,0,0,0,0,0,0,1,"405448,981800000180000","5755188,316199999300000",7.624545911000041,51.939368708000075,0,Unfallorte2020_LinRef.csv,5.200811702100862e+18
91512,91513,5,5,15,0,2020,8,17,2,3,5,3,0,1,1,0,0,0,0,"402079,814299999740000","5761133,346000000800000",7.573854705000031,51.992221276000066,0,Unfallorte2020_LinRef.csv,5.200817702100061e+18
91568,91569,5,5,15,0,2020,8,12,6,3,2,6,0,0,1,0,0,0,0,"401866,456899999640000","5749655,880799999500000",7.57402363600005,51.88902121900003,0,Unfallorte2020_LinRef.csv,5.200814702330505e+18
91627,91628,5,5,15,0,2020,8,13,7,3,2,6,0,0,1,0,0,0,0,"401885,176199999640000","5749538,263699999100000",7.574329011000032,51.88796733200007,1,Unfallorte2020_LinRef.csv,5.200815702330177e+18
91629,91630,5,5,15,0,2020,8,14,7,3,0,1,0,1,0,0,0,0,0,"402687,706000000240000","5754820,392999999200000",7.584494190000044,51.93558563600004,1,Unfallorte2020_LinRef.csv,5.20081570210044e+18
91632,91633,5,5,15,0,2020,8,16,7,3,2,6,0,0,1,0,0,0,0,"404412,290000000040000","5755367,060000000500000",7.609420022000052,51.940798200000074,0,Unfallorte2020_LinRef.csv,5.200815702100077e+18
91930,91931,5,5,15,0,2020,8,18,3,2,2,6,0,0,1,0,0,0,0,"401293,097199999730000","5761071,490700000900000",7.562418362000074,51.99152604600005,0,Unfallorte2020_LinRef.csv,5.200818702300205e+18
91936,91937,5,5,15,0,2020,8,19,3,2,9,1,0,1,0,0,0,0,0,"410978,496299999770000","5759167,189300000700000",7.703930983000021,51.97604585500005,0,Unfallorte2020_LinRef.csv,5.200818702100271e+18
91950,91951,5,5,15,0,2020,8,16,4,3,0,6,0,0,1,0,1,0,0,"408296,836099999960000","5754072,870500000200000",7.666259297000067,51.92981903800006,0,Unfallorte2020_LinRef.csv,5.20081970210018e+18
92271,92272,5,5,15,0,2020,8,15,2,3,0,6,0,1,0,0,0,0,0,"406575,049200000240000","5759151,265300000100000",7.639844354000047,51.97517984900003,0,Unfallorte2020_LinRef.csv,5.200824702100043e+18
92428,92429,5,5,15,0,2020,8,6,2,3,4,2,0,0,1,0,0,0,0,"408964,218999999580000","5756241,443000000000000",7.675388919000056,51.94942112500007,0,Unfallorte2020_LinRef.csv,5.200824702100462e+18
92472,92473,5,5,15,0,2020,8,13,6,3,2,6,0,0,1,0,0,0,0,"401936,156999999660000","5762191,186400000000000",7.571460481000031,52.001703975000055,0,Unfallorte2020_LinRef.csv,5.200821702350005e+18
92480,92481,5,5,15,0,2020,8,17,6,2,0,6,0,1,0,0,0,0,0,"399625,290099999870000","5760797,227499999100000",7.538216937000072,51.98876203900005,1,Unfallorte2020_LinRef.csv,5.20082170210087e+18
92481,92482,5,5,15,0,2020,8,17,6,3,5,3,0,1,1,0,0,0,0,"403991,976599999700000","5761395,088099999400000",7.601621777000048,51.994907743000056,1,Unfallorte2020_LinRef.csv,5.200821702100661e+18
92485,92486,5,5,15,0,2020,8,19,6,3,3,6,0,0,1,0,0,0,0,"414294,294599999670000","5753959,578299999200000",7.753492114000039,51.92975647800006,1,Unfallorte2020_LinRef.csv,5.200821702100485e+18
92525,92526,5,5,15,0,2020,8,7,3,3,3,6,0,1,0,0,0,0,0,"404113,911100000140000","5756263,990100000100000",7.60483053300004,51.948808804000066,0,Unfallorte2020_LinRef.csv,5.200825702100862e+18
92532,92533,5,5,15,0,2020,8,17,3,3,1,3,0,1,1,0,0,0,0,"408661,090400000100000","5753500,502399999600000",7.671707420000075,51.924734114000046,0,Unfallorte2020_LinRef.csv,5.200825702100861e+18
92535,92536,5,5,15,0,2020,8,17,3,3,3,1,0,0,1,0,1,0,0,"404686,621299999770000","5759087,492200000200000",7.612377441000035,51.97428594500008,1,Unfallorte2020_LinRef.csv,5.20082570210057e+18
92540,92541,5,5,15,0,2020,8,18,3,2,0,2,0,1,1,0,0,0,0,"406349,925599999730000","5751094,457299999900000",7.638761738000028,51.902723269000035,1,Unfallorte2020_LinRef.csv,5.200825702100378e+18
92553,92554,5,5,15,0,2020,8,15,3,3,1,6,0,0,1,0,0,1,0,"407850,451700000090000","5754610,134800000100000",7.659625049000056,51.93457456900006,1,Unfallorte2020_LinRef.csv,5.200825702100072e+18
92558,92559,5,5,15,0,2020,8,17,3,3,1,6,0,0,1,0,0,1,0,"411141,883299999870000","5751974,585599999900000",7.708167987000024,51.91141945900006,1,Unfallorte2020_LinRef.csv,5.20082570210006e+18
92592,92593,5,5,15,0,2020,8,9,4,3,7,2,0,0,1,0,0,0,1,"402197,559999999590000","5750191,047000000300000",7.578681517000064,51.89388967600007,1,Unfallorte2020_LinRef.csv,5.200826702100662e+18
92685,92686,5,5,15,0,2020,8,23,7,3,7,1,2,1,0,0,0,0,0,"401203,182199999690000","5756818,507999999400000",7.562333399000067,51.95328354600008,0,Unfallorte2020_LinRef.csv,5.200829702100368e+18
92730,92731,5,5,15,0,2020,8,20,5,2,5,3,1,0,1,0,0,0,0,"409847,487999999900000","5751858,771999999900000",7.689385473000073,51.91017043200003,0,Unfallorte2020_LinRef.csv,5.200827702100072e+18
92764,92765,5,5,15,0,2020,8,5,4,3,5,3,2,1,1,0,0,0,0,"407364,532999999820000","5756876,542199999100000",7.651948480000044,51.95486562100007,1,Unfallorte2020_LinRef.csv,5.20082670210095e+18
92817,92818,5,5,15,0,2020,8,18,6,3,5,3,0,0,1,0,0,0,0,"402400,016699999570000","5757577,255799999500000",7.579528068000059,51.96031469400003,0,Unfallorte2020_LinRef.csv,5.200828702100043e+18
92849,92850,5,5,15,0,2020,8,12,4,3,2,6,0,0,1,0,0,0,0,"406195,622000000440000","5757964,953299999200000",7.634646192000048,51.96445282500008,0,Unfallorte2020_LinRef.csv,5.200826702100542e+18
92942,92943,5,5,15,0,2020,8,9,7,2,5,6,0,1,0,0,0,0,1,"411607,597599999980000","5757151,349700000100000",7.713606556000059,51.95802642400008,0,Unfallorte2020_LinRef.csv,5.20082970210004e+18
93004,93005,5,5,15,0,2020,9,13,4,3,2,6,0,0,1,0,0,0,0,"407652,017199999650000","5758326,927600000100000",7.655740800000046,51.96795028500003,0,Unfallorte2020_LinRef.csv,5.200902702100366e+18
93067,93068,5,5,15,0,2020,8,7,2,3,5,2,0,1,0,0,0,1,0,"407216,995699999850000","5751345,512000000100000",7.651293539000051,51.905124973000056,0,Unfallorte2020_LinRef.csv,5.200831702100362e+18
93093,93094,5,5,15,0,2020,9,5,4,3,4,2,2,0,1,0,0,0,0,"402948,864500000140000","5757813,245300000500000",7.587446697000075,51.96253190700003,0,Unfallorte2020_LinRef.csv,5.200902702100098e+18
93149,93150,5,5,15,0,2020,9,16,3,2,8,1,0,1,0,0,0,0,0,"412291,761800000440000","5752372,573499999900000",7.724779235000028,51.91517918200003,0,Unfallorte2020_LinRef.csv,5.200901702100043e+18
93160,93161,5,5,15,0,2020,9,16,4,3,0,2,0,1,1,0,0,0,0,"410730,071499999610000","5758990,426300000400000",7.700361136000026,51.97441713500007,0,Unfallorte2020_LinRef.csv,5.200902702100911e+18
93279,93280,5,5,15,0,2020,9,14,4,3,2,6,0,0,1,0,0,0,1,"407900,167899999770000","5760299,126599999100000",7.658822607000047,51.98571862600005,0,Unfallorte2020_LinRef.csv,5.200902702100279e+18
93345,93346,5,5,15,0,2020,9,7,4,3,1,6,0,0,1,0,0,0,0,"412441,989799999630000","5752340,658199999500000",7.726970984000047,51.91491593900008,0,Unfallorte2020_LinRef.csv,5.200902702100937e+18
93548,93549,5,5,15,0,2020,9,8,2,3,5,3,0,1,1,0,0,0,0,"407900,100200000220000","5760298,740199999900000",7.658821725000053,51.98571514200006,0,Unfallorte2020_LinRef.csv,5.200907702100864e+18
93619,93620,5,5,15,0,2020,9,16,1,3,0,4,0,1,0,1,0,0,0,"403713,901200000200000","5758610,998299999200000",7.598354286000074,51.969835387000046,0,Unfallorte2020_LinRef.csv,5.200906702100077e+18
93628,93629,5,5,15,0,2020,9,15,5,3,5,2,0,1,1,0,0,0,0,"405180,044200000350000","5750136,800499999900000",7.622025772000029,51.893917488000056,1,Unfallorte2020_LinRef.csv,5.200903702100972e+18
93844,93845,5,5,15,0,2020,9,14,2,3,5,2,0,1,1,0,0,0,0,"406322,628999999720000","5756457,540999999300000",7.636905299000034,51.950924902000054,0,Unfallorte2020_LinRef.csv,5.20090770210067e+18
93960,93961,5,5,15,0,2020,9,13,3,3,2,6,0,0,1,0,0,0,0,"404650,273699999790000","5760137,025200000000000",7.611556783000026,51.98371327900003,0,Unfallorte2020_LinRef.csv,5.200908702100111e+18
94028,94029,5,5,15,0,2020,9,10,4,3,5,3,0,1,0,0,0,0,0,"404685,562500000000000","5759365,830900000400000",7.612284727000031,51.976787571000045,0,Unfallorte2020_LinRef.csv,5.200909702100502e+18
94183,94184,5,5,15,0,2020,9,22,7,3,0,1,2,0,0,0,0,0,1,"404001,241999999620000","5753527,782199999300000",7.603955351000025,51.92419528500005,0,Unfallorte2020_LinRef.csv,5.200912702100008e+18
94275,94276,5,5,15,0,2020,9,15,6,3,2,6,0,0,1,0,0,1,1,"401967,575899999590000","5747482,113199999600000",7.576109982000048,51.86950039800007,0,Unfallorte2020_LinRef.csv,5.200911702330487e+18
94276,94277,5,5,15,0,2020,9,13,6,3,9,6,0,0,1,0,0,0,0,"400885,115100000050000","5753020,466600000900000",7.558800940000026,51.91908936800007,0,Unfallorte2020_LinRef.csv,5.200911702330477e+18
94413,94414,5,5,15,0,2020,9,17,5,3,8,1,0,0,0,0,1,0,0,"398940,190999999640000","5752224,135999999900000",7.530764025000053,51.91158225500004,0,Unfallorte2020_LinRef.csv,5.200910702330077e+18
94414,94415,5,5,15,0,2020,9,20,5,3,2,6,2,0,1,0,0,0,0,"403061,764000000430000","5760221,779799999700000",7.588409138000031,51.98420016100005,0,Unfallorte2020_LinRef.csv,5.20091070210064e+18
94538,94539,5,5,15,0,2020,9,14,2,3,5,3,0,1,0,0,0,0,0,"408455,570199999960000","5756500,122600000400000",7.667921106000051,51.95166281000007,0,Unfallorte2020_LinRef.csv,5.200914702100538e+18
94539,94540,5,5,15,0,2020,9,7,2,3,1,6,0,0,1,0,0,0,0,"405493,568199999630000","5754885,519400000600000",7.625277520000054,51.93665460400007,0,Unfallorte2020_LinRef.csv,5.200914702100167e+18
94820,94821,5,5,15,0,2020,9,7,5,2,5,3,0,0,1,0,0,0,0,"404703,076799999920000","5761078,218800000800000",7.612063893000027,51.99218210500004,0,Unfallorte2020_LinRef.csv,5.200917702100074e+18
94957,94958,5,5,15,0,2020,9,15,4,3,5,2,0,1,1,0,0,0,0,"405588,700000000190000","5754352,823599999800000",7.626807104000022,51.931882630000075,0,Unfallorte2020_LinRef.csv,5.200916702100825e+18
94958,94959,5,5,15,0,2020,9,23,4,3,2,6,2,0,1,0,0,0,0,"403901,862599999640000","5754801,887000000100000",7.602154781000024,51.93563028800003,0,Unfallorte2020_LinRef.csv,5.20091670210045e+18
95084,95085,5,5,15,0,2020,9,16,3,3,5,3,0,1,1,0,0,0,0,"403808,507000000220000","5760941,895899999900000",7.599077517000069,51.99080257500003,0,Unfallorte2020_LinRef.csv,5.200915702100744e+18
95085,95086,5,5,15,0,2020,9,15,3,3,0,7,0,0,1,0,0,0,1,"403704,274299999700000","5754651,694599999100000",7.599323629000025,51.93424614800006,0,Unfallorte2020_LinRef.csv,5.20091570210057e+18
95086,95087,5,5,15,0,2020,9,20,3,2,1,1,2,0,1,0,0,0,1,"401392,461199999790000","5759151,629699999500000",7.564416890000075,51.97428768100008,0,Unfallorte2020_LinRef.csv,5.200915702100072e+18
95269,95270,5,5,15,0,2020,9,1,7,3,9,1,2,1,0,0,0,0,0,"401179,356900000010000","5763702,893300000600000",7.56000345800004,52.015157163000026,0,Unfallorte2020_LinRef.csv,5.20091970210057e+18
95270,95271,5,5,15,0,2020,9,21,7,3,0,1,2,1,0,0,0,0,0,"405806,599299999890000","5760284,051799999500000",7.628349094000043,51.985232077000035,0,Unfallorte2020_LinRef.csv,5.200919702100465e+18
95271,95272,5,5,15,0,2020,9,17,7,3,5,3,0,1,1,0,0,0,0,"404113,358799999580000","5759176,347799999600000",7.604009427000051,51.97498599100004,0,Unfallorte2020_LinRef.csv,5.200919702100066e+18
95423,95424,5,5,15,0,2020,9,16,6,3,2,2,0,0,1,0,0,0,0,"403476,177600000050000","5749786,453500000800000",7.597370277000039,51.890475930000036,0,Unfallorte2020_LinRef.csv,5.200918702100866e+18
95425,95426,5,5,15,0,2020,9,7,6,3,5,2,0,1,0,0,0,0,0,"403928,683000000190000","5758093,485999999600000",7.601624681000033,51.96522098300005,0,Unfallorte2020_LinRef.csv,5.200918702100854e+18