,OBJECTID,ULAND,UREGBEZ,UKREIS,UGEMEINDE,UJAHR,UMONAT,USTUNDE,UWOCHENTAG,UKATEGORIE,UART,UTYP1,ULICHTVERH,IstRad,IstPKW,IstFuss,IstKrad,IstGkfz,IstSonstige,LINREFX,LINREFY,XGCSWGS84,YGCSWGS84,STRZUSTAND,source_file,UIDENTSTLAE
95426,95427,5,5,15,0,2020,9,10,6,3,0,7,0,1,0,1,0,0,0,"406586,638199999930000","5757176,242399999900000",7.640550329000064,51.95742935100003,0,Unfallorte2020_LinRef.csv,5.20091870210057e+18
95427,95428,5,5,15,0,2020,9,18,6,2,6,4,0,0,1,1,0,0,0,"399115,079099999740000","5757218,335100000700000",7.531841120000024,51.95650236200004,0,Unfallorte2020_LinRef.csv,5.200918702100093e+18
95472,95473,5,5,15,0,2020,9,19,4,2,9,1,2,0,1,0,0,0,0,"401428,135300000200000","5751179,762099999900000",7.56722086700006,51.902640992000045,0,Unfallorte2020_LinRef.csv,5.200923702330311e+18
95620,95621,5,5,15,0,2020,9,17,3,3,0,6,0,1,0,0,0,0,0,"408912,672199999910000","5753105,777200000400000",7.675469429000032,51.92122727900005,0,Unfallorte2020_LinRef.csv,5.200922702100872e+18
95621,95622,5,5,15,0,2020,9,17,3,3,2,6,0,1,0,0,0,0,0,"410595,361399999820000","5760590,971500000000000",7.697983387000022,51.98878224200007,0,Unfallorte2020_LinRef.csv,5.200922702100773e+18
95623,95624,5,5,15,0,2020,9,9,3,3,0,2,0,0,1,1,0,0,0,"407168,123800000180000","5757930,229000000300000",7.648806389000072,51.96430395300007,0,Unfallorte2020_LinRef.csv,5.20092270210027e+18
95798,95799,5,5,15,0,2020,9,21,2,3,0,7,2,1,0,0,0,0,1,"405671,851499999870000","5755636,220300000200000",7.627664171000049,51.94343250600008,0,Unfallorte2020_LinRef.csv,5.200921702100985e+18
95799,95800,5,5,15,0,2020,9,15,2,3,2,6,0,0,1,0,0,0,0,"402834,608300000430000","5753949,345400000000000",7.586876319000055,51.92778204500007,0,Unfallorte2020_LinRef.csv,5.200921702100679e+18
95800,95801,5,5,15,0,2020,9,12,2,3,5,3,0,1,1,0,0,0,0,"404889,136300000360000","5762150,534700000700000",7.614475313000071,52.001852331000066,0,Unfallorte2020_LinRef.csv,5.200921702100066e+18
95884,95885,5,5,15,0,2020,9,7,2,3,5,3,0,1,1,0,0,0,0,"404389,881400000300000","5754931,915200000600000",7.609215103000054,51.93688309400005,0,Unfallorte2020_LinRef.csv,5.200928702100275e+18
95895,95896,5,5,15,0,2020,9,14,1,2,5,3,0,1,1,0,0,0,0,"400962,893400000410000","5762199,742499999700000",7.557284881000044,52.00160811500007,0,Unfallorte2020_LinRef.csv,5.200927702100465e+18
95955,95956,5,5,15,0,2020,9,19,7,3,5,2,2,1,1,0,0,0,0,"406630,883999999610000","5758715,395999999700000",7.640775564000023,51.97127143600005,1,Unfallorte2020_LinRef.csv,5.200926702100135e+18
95957,95958,5,5,15,0,2020,9,11,7,3,3,3,0,1,0,0,1,0,0,"401157,067499999890000","5756798,871799999800000",7.561668226000052,51.95309885800003,0,Unfallorte2020_LinRef.csv,5.200926702100066e+18
96087,96088,5,5,15,0,2020,9,15,6,3,5,2,0,1,1,0,0,0,0,"403210,209800000300000","5755254,610600000200000",7.591969856000048,51.93957965300007,0,Unfallorte2020_LinRef.csv,5.20092570210074e+18
96088,96089,5,5,15,0,2020,9,11,6,3,5,3,0,1,1,0,0,0,0,"409072,111999999730000","5752860,084000000700000",7.677852115000064,51.91904488100005,0,Unfallorte2020_LinRef.csv,5.200925702100241e+18
96089,96090,5,5,15,0,2020,9,7,6,3,5,3,0,1,0,0,1,0,0,"407097,149299999700000","5760310,743400000000000",7.647129241000073,51.98568932500007,1,Unfallorte2020_LinRef.csv,5.200925702100061e+18
96209,96210,5,5,15,0,2020,9,10,5,3,1,6,0,0,1,0,0,0,0,"405972,618999999950000","5752311,448000000800000",7.632946998000023,51.913598688000036,0,Unfallorte2020_LinRef.csv,5.200924702100469e+18
96210,96211,5,5,15,0,2020,9,16,5,3,4,2,0,1,1,0,0,0,0,"402897,277999999930000","5755015,423000000400000",7.587486567000042,51.93737523600004,0,Unfallorte2020_LinRef.csv,5.200924702100273e+18
96211,96212,5,5,15,0,2020,9,8,5,3,2,7,0,0,1,0,0,1,0,"409764,094399999830000","5751792,751700000800000",7.688190754000061,51.90956348900005,0,Unfallorte2020_LinRef.csv,5.200924702100164e+18
96212,96213,5,5,15,0,2020,9,9,5,3,0,1,0,1,0,0,0,0,0,"404138,031999999660000","5754021,997999999700000",7.605806303000065,51.92866106800005,0,Unfallorte2020_LinRef.csv,5.20092470210016e+18
96328,96329,5,5,15,0,2020,9,17,3,3,2,6,0,0,1,0,0,0,0,"405477,763000000270000","5754900,428999999500000",7.625043586000061,51.936785934000056,1,Unfallorte2020_LinRef.csv,5.200929702100043e+18
96392,96393,5,5,15,0,2020,9,18,4,3,0,7,1,1,1,0,0,0,0,"404299,593299999830000","5748324,881699999800000",7.609737278000068,51.877480595000065,0,Unfallorte2020_LinRef.csv,5.200930702100072e+18
96524,96525,5,5,15,0,2020,9,17,3,3,1,6,0,0,1,0,0,0,0,"407219,736299999990000","5751346,616599999400000",7.651333067000053,51.90513535800005,1,Unfallorte2020_LinRef.csv,5.200929702100771e+18
96738,96739,5,5,15,0,2020,10,7,4,3,2,6,1,0,1,0,0,0,0,"405963,585500000040000","5752420,471699999600000",7.632785934000026,51.91457712600004,1,Unfallorte2020_LinRef.csv,5.201007702100579e+18
96748,96749,5,5,15,0,2020,10,6,4,3,5,2,2,0,1,0,0,0,0,"408962,720499999820000","5756242,331100000100000",7.675366887000052,51.94942886300004,1,Unfallorte2020_LinRef.csv,5.201007702100365e+18
96762,96763,5,5,15,0,2020,10,15,2,2,9,1,0,0,1,0,0,0,0,"410731,974999999630000","5758991,027000000700000",7.700388684000075,51.974422841000035,0,Unfallorte2020_LinRef.csv,5.201005702100089e+18
96777,96778,5,5,15,0,2020,10,15,5,3,1,7,0,1,0,0,0,0,0,"404683,600100000390000","5759449,547299999700000",7.612232911000035,51.97753970700006,1,Unfallorte2020_LinRef.csv,5.201008702100773e+18
96807,96808,5,5,15,0,2020,10,21,3,3,5,1,2,0,1,0,0,0,1,"411144,158999999990000","5751974,046000000100000",7.708201202000055,51.911414972000046,1,Unfallorte2020_LinRef.csv,5.201006702100872e+18
96880,96881,5,5,15,0,2020,10,16,5,3,5,2,0,1,1,0,0,0,0,"405073,671000000090000","5757449,222999999300000",7.618463466000037,51.95962678800004,1,Unfallorte2020_LinRef.csv,5.201008702100551e+18
96906,96907,5,5,15,0,2020,10,9,3,3,5,2,0,1,1,0,0,0,0,"402295,907999999820000","5754690,562000000800000",7.578833857000063,51.93435002700005,0,Unfallorte2020_LinRef.csv,5.201006702100589e+18
96974,96975,5,5,15,0,2020,10,14,2,3,5,3,0,0,1,0,0,1,0,"405578,327999999750000","5756998,950999999400000",7.625929598000028,51.955665476000036,0,Unfallorte2020_LinRef.csv,5.20100570210037e+18
97095,97096,5,5,15,0,2020,10,13,5,3,4,2,0,0,1,0,0,0,1,"404690,553000000310000","5759085,980000000400000",7.612435082000047,51.97427302700004,1,Unfallorte2020_LinRef.csv,5.201008702100572e+18
97124,97125,5,5,15,0,2020,10,7,3,2,6,2,1,0,0,1,0,0,1,"405455,252999999560000","5759121,153999999200000",7.62355481000003,51.97471980900008,1,Unfallorte2020_LinRef.csv,5.201006702100753e+18
97196,97197,5,5,15,0,2020,10,17,5,2,5,2,1,0,1,0,1,0,0,"409480,720300000160000","5752248,983999999200000",7.683952469000076,51.91361845400007,1,Unfallorte2020_LinRef.csv,5.201008702100072e+18
97222,97223,5,5,15,0,2020,10,14,3,3,5,3,0,1,1,0,0,0,0,"403181,662299999970000","5759054,700400000400000",7.590483813000049,51.97373104900004,0,Unfallorte2020_LinRef.csv,5.201006702100293e+18
97225,97226,5,5,15,0,2020,10,17,7,3,3,2,0,1,1,0,0,0,0,"405501,914300000300000","5756468,903300000400000",7.624963697000055,51.95088819500006,1,Unfallorte2020_LinRef.csv,5.201003702100561e+18
97239,97240,5,5,15,0,2020,10,17,4,3,2,7,0,0,1,0,0,0,0,"397915,470800000240000","5751754,502800000800000",7.516010885000071,51.907174283000074,0,Unfallorte2020_LinRef.csv,5.201007702330554e+18
97336,97337,5,5,15,0,2020,10,21,7,3,6,2,2,0,1,1,0,0,0,"406435,926199999640000","5757293,625800000500000",7.638325708000025,51.958459110000035,1,Unfallorte2020_LinRef.csv,5.20101070210094e+18
97424,97425,5,5,15,0,2020,10,7,6,2,2,3,1,0,1,0,0,0,0,"401169,844499999660000","5751970,995300000500000",7.563240846000042,51.90970705600006,1,Unfallorte2020_LinRef.csv,5.201009702330387e+18
97426,97427,5,5,15,0,2020,10,13,6,2,9,1,0,1,0,0,0,0,0,"410527,252600000240000","5751947,432900000400000",7.699241930000028,51.91107699400004,0,Unfallorte2020_LinRef.csv,5.201009702100771e+18
97428,97429,5,5,15,0,2020,10,11,6,2,0,3,0,1,1,0,0,0,0,"411045,452999999750000","5751987,757099999100000",7.706763054000021,51.91152246300004,0,Unfallorte2020_LinRef.csv,5.20100970210008e+18
97507,97508,5,5,15,0,2020,10,13,7,3,3,6,0,1,0,0,0,0,0,"406210,728500000200000","5757453,491499999500000",7.63500567400007,51.959858119000046,0,Unfallorte2020_LinRef.csv,5.201010702100866e+18
97537,97538,5,5,15,0,2020,10,10,3,3,5,2,0,1,1,0,0,0,0,"405019,896999999880000","5757700,723999999500000",7.617611551000039,51.96187819600004,0,Unfallorte2020_LinRef.csv,5.201013702100561e+18
97608,97609,5,5,15,0,2020,10,10,3,3,3,6,0,1,0,0,0,0,0,"407027,145399999800000","5751295,934299999800000",7.648548054000059,51.90464768800007,0,Unfallorte2020_LinRef.csv,5.201013702100077e+18
97652,97653,5,5,15,0,2020,10,17,3,3,6,4,0,0,1,1,0,0,0,"406617,692200000400000","5761142,653100000700000",7.639922858000034,51.99308650300003,0,Unfallorte2020_LinRef.csv,5.201013702100574e+18
97700,97701,5,5,15,0,2020,10,12,2,3,2,2,0,0,1,0,0,0,0,"405639,236200000160000","5756984,670600000800000",7.62681961100003,51.95554745600003,0,Unfallorte2020_LinRef.csv,5.201012702100166e+18
97703,97704,5,5,15,0,2020,10,12,2,3,5,3,0,1,1,0,0,0,0,"405648,829900000240000","5755620,499600000700000",7.627333659000044,51.94328729700004,0,Unfallorte2020_LinRef.csv,5.201012702100072e+18
97707,97708,5,5,15,0,2020,10,17,3,3,5,3,1,1,1,0,0,0,0,"403877,371000000280000","5759409,053999999500000",7.600509663000025,51.977036858000076,0,Unfallorte2020_LinRef.csv,5.201013702100289e+18
97766,97767,5,5,15,0,2020,10,16,3,3,5,3,0,1,1,0,0,0,0,"406293,581899999640000","5756641,329199999600000",7.636432652000053,51.952571986000066,0,Unfallorte2020_LinRef.csv,5.201013702100769e+18
97839,97840,5,5,15,0,2020,10,7,2,3,2,7,0,0,1,0,0,1,0,"401968,081799999810000","5746672,460599999900000",7.576347137000028,51.862223017000076,0,Unfallorte2020_LinRef.csv,5.201019702330939e+18
97886,97887,5,5,15,0,2020,10,15,3,2,5,3,0,0,1,0,0,0,0,"404356,615000000220000","5744411,394999999600000",7.611648740000021,51.842313886000056,0,Unfallorte2020_LinRef.csv,5.201020702100773e+18
97956,97957,5,5,15,0,2020,10,6,6,3,0,1,2,0,0,0,1,0,0,"404417,407100000420000","5755039,062599999800000",7.60958560000006,51.93785090700004,0,Unfallorte2020_LinRef.csv,5.201016702100111e+18
97958,97959,5,5,15,0,2020,10,17,6,3,3,7,0,1,0,0,0,0,1,"407667,221300000320000","5758381,080800000600000",7.655947489000027,51.968439569000054,0,Unfallorte2020_LinRef.csv,5.201016702100069e+18
98072,98073,5,5,15,0,2020,10,11,7,3,5,3,0,1,1,0,0,0,0,"406198,584599999710000","5751296,093100000200000",7.636507731000052,51.90451022500008,0,Unfallorte2020_LinRef.csv,5.201017702100072e+18
98191,98192,5,5,15,0,2020,10,9,4,3,5,2,0,1,0,0,0,0,1,"409847,487999999900000","5751858,771999999900000",7.689385473000073,51.91017043200003,1,Unfallorte2020_LinRef.csv,5.20102170210004e+18
98315,98316,5,5,15,0,2020,10,12,6,3,2,6,0,0,1,0,0,0,0,"404993,461000000130000","5763605,397199999500000",7.615591049000045,52.01494696300006,1,Unfallorte2020_LinRef.csv,5.201023702100073e+18
98406,98407,5,5,15,0,2020,10,7,5,3,5,3,2,1,1,0,0,0,0,"409071,341900000350000","5752861,267899999400000",7.677840608000054,51.91905539700008,0,Unfallorte2020_LinRef.csv,5.201022702100866e+18
98410,98411,5,5,15,0,2020,10,22,5,3,5,3,2,0,1,0,0,0,0,"407169,713499999610000","5757930,935200000200000",7.648829329000023,51.96431056600005,1,Unfallorte2020_LinRef.csv,5.201022702100773e+18
98414,98415,5,5,15,0,2020,10,11,5,3,5,3,0,1,1,0,0,0,0,"405515,797100000080000","5751864,493000000700000",7.62642997100005,51.90950391600006,0,Unfallorte2020_LinRef.csv,5.201022702100268e+18
98451,98452,5,5,15,0,2020,10,21,6,3,0,7,2,1,0,0,0,0,0,"405185,536000000310000","5759111,482999999100000",7.619631993000041,51.974586930000044,1,Unfallorte2020_LinRef.csv,5.201023702100093e+18
98469,98470,5,5,15,0,2020,10,18,4,3,5,2,2,1,1,0,0,0,0,"403933,676300000400000","5758088,594100000300000",7.601698707000026,51.96517787600004,1,Unfallorte2020_LinRef.csv,5.201028702100556e+18
98477,98478,5,5,15,0,2020,10,17,3,3,2,6,2,0,1,0,1,0,1,"401702,726999999960000","5753655,024700000900000",7.570504381000035,51.924937887000056,0,Unfallorte2020_LinRef.csv,5.201027702100365e+18
98501,98502,5,5,15,0,2020,10,0,2,2,9,1,2,0,1,0,0,0,0,"400244,795599999840000","5756189,074699999800000",7.548574701000064,51.947455028000036,1,Unfallorte2020_LinRef.csv,5.201026702330474e+18
98508,98509,5,5,15,0,2020,10,19,1,3,5,2,2,1,1,0,0,0,0,"405020,444500000220000","5758079,669999999900000",7.617514714000038,51.96528440600008,1,Unfallorte2020_LinRef.csv,5.201025702100845e+18
98511,98512,5,5,15,0,2020,10,18,1,3,5,3,2,0,1,0,0,0,0,"405575,979399999600000","5754349,248900000000000",7.626623124000048,51.931848341000034,1,Unfallorte2020_LinRef.csv,5.201025702100773e+18
98514,98515,5,5,15,0,2020,10,10,1,2,5,3,0,1,1,0,0,0,0,"407385,582000000400000","5761125,160000000100000",7.651108236000027,51.99305785700005,1,Unfallorte2020_LinRef.csv,5.201025702100098e+18
98595,98596,5,5,15,0,2020,10,14,2,3,5,3,0,1,1,0,0,0,0,"404929,993700000460000","5762790,784399999300000",7.614892649000069,52.00761410000007,0,Unfallorte2020_LinRef.csv,5.201026702100946e+18
98626,98627,5,5,15,0,2020,10,23,3,3,8,1,2,0,1,0,0,0,0,"402831,456899999640000","5752909,392000000900000",7.587124054000071,51.91843404000008,1,Unfallorte2020_LinRef.csv,5.201027702330367e+18
98699,98700,5,5,15,0,2020,10,11,3,3,5,3,0,1,1,0,0,0,0,"408586,706399999560000","5753612,234200000800000",7.670596333000049,51.92572622300003,0,Unfallorte2020_LinRef.csv,5.201027702100143e+18
98725,98726,5,5,15,0,2020,10,18,2,3,0,3,2,1,1,0,0,0,0,"411439,281000000420000","5752600,168700000300000",7.712329554000064,51.91709007900005,0,Unfallorte2020_LinRef.csv,5.201026702100965e+18
98745,98746,5,5,15,0,2020,10,6,4,2,2,6,2,0,1,0,0,1,0,"402231,264700000170000","5762678,074799999600000",7.575619071000062,52.006132259000026,1,Unfallorte2020_LinRef.csv,5.201028702350119e+18
98792,98793,5,5,15,0,2020,10,23,7,2,0,1,2,1,0,0,0,0,0,"405517,006799999620000","5756532,892799999600000",7.625165647000074,51.951465925000036,0,Unfallorte2020_LinRef.csv,5.201024702100511e+18
98816,98817,5,5,15,0,2020,10,16,2,3,4,6,1,1,0,0,0,0,1,"406198,854399999600000","5761403,956800000700000",7.633753019000039,51.99536462200007,1,Unfallorte2020_LinRef.csv,5.201026702100398e+18
98873,98874,5,5,15,0,2020,10,16,5,2,0,1,0,1,0,0,0,0,0,"403859,326000000350000","5754777,892000000900000",7.601542949000077,51.93540726500004,0,Unfallorte2020_LinRef.csv,5.201029702100768e+18
98878,98879,5,5,15,0,2020,10,18,5,3,5,3,2,1,1,0,0,0,0,"403926,357900000180000","5759360,175799999400000",7.601236339000025,51.976605997000036,1,Unfallorte2020_LinRef.csv,5.201029702100266e+18
98969,98970,5,5,15,0,2020,10,9,6,3,2,6,0,0,1,0,0,0,0,"404903,531000000420000","5762250,720000000700000",7.614657137000052,52.00275529500004,1,Unfallorte2020_LinRef.csv,5.201030702100854e+18
98974,98975,5,5,15,0,2020,10,13,6,3,2,6,0,0,1,0,0,0,0,"403886,285000000150000","5754770,105000000400000",7.601937142000054,51.93534192900006,1,Unfallorte2020_LinRef.csv,5.201030702100666e+18
99282,99283,5,5,15,0,2020,11,10,4,3,5,2,0,1,1,0,0,0,0,"405629,323900000190000","5758065,498199999300000",7.626378457000044,51.96526072100005,0,Unfallorte2020_LinRef.csv,5.201104702100771e+18
99307,99308,5,5,15,0,2020,11,14,5,3,6,2,0,0,1,1,0,0,0,"407044,504999999890000","5757870,224999999600000",7.64702386700003,51.96374395000004,0,Unfallorte2020_LinRef.csv,5.201105702100866e+18
99463,99464,5,5,15,0,2020,11,8,4,3,5,2,0,1,0,0,0,1,0,"405200,425999999980000","5750139,330000000100000",7.622321183000054,51.89394369200005,0,Unfallorte2020_LinRef.csv,5.20110470210084e+18
99552,99553,5,5,15,0,2020,11,6,4,3,2,6,1,0,1,0,0,0,0,"412294,739199999720000","5753455,418600000400000",7.724546667000027,51.92491318500004,0,Unfallorte2020_LinRef.csv,5.20110470210008e+18
99615,99616,5,5,15,0,2020,11,6,6,3,5,2,2,1,1,0,0,0,0,"405242,486800000070000","5750593,799599999600000",7.62280733700004,51.89803585300007,0,Unfallorte2020_LinRef.csv,5.201106702100773e+18
99624,99625,5,5,15,0,2020,11,12,2,3,2,6,0,0,1,0,0,0,0,"403887,851999999960000","5753107,964999999900000",7.602424137000071,51.92040223600003,0,Unfallorte2020_LinRef.csv,5.201102702100872e+18
99627,99628,5,5,15,0,2020,11,17,2,3,6,2,2,0,1,1,0,0,0,"405968,266699999570000","5756447,078999999900000",7.631753440000068,51.95077106800005,1,Unfallorte2020_LinRef.csv,5.201102702100861e+18
99632,99633,5,5,15,0,2020,11,20,2,3,4,2,2,0,1,0,0,0,0,"406939,529000000100000","5756954,990000000200000",7.645744344000036,51.95549979200007,1,Unfallorte2020_LinRef.csv,5.201102702100411e+18
99644,99645,5,5,15,0,2020,11,20,2,3,0,7,2,1,0,0,0,0,1,"402378,371799999850000","5759756,456499999400000",7.578593461000025,51.97989806500004,1,Unfallorte2020_LinRef.csv,5.201102702100375e+18
99648,99649,5,5,15,0,2020,11,7,2,3,0,2,0,1,1,0,0,0,0,"405927,422000000250000","5756739,491000000400000",7.631079250000028,51.95339249500006,1,Unfallorte2020_LinRef.csv,5.201102702100268e+18
99824,99825,5,5,15,0,2020,11,17,3,3,2,6,2,0,1,0,0,0,1,"404194,053999999540000","5754225,316999999800000",7.606564204000051,51.930498227000044,0,Unfallorte2020_LinRef.csv,5.201110702100266e+18
99944,99945,5,5,15,0,2020,11,9,5,2,7,1,0,0,0,0,0,0,1,"403538,065700000150000","5748180,640399999900000",7.598718254000062,51.87605288000003,1,Unfallorte2020_LinRef.csv,5.201112702100763e+18
100001,100002,5,5,15,0,2020,11,14,4,3,3,6,0,0,1,0,0,1,0,"409018,445000000300000","5762643,289000000800000",7.674480242000072,52.00697354600004,1,Unfallorte2020_LinRef.csv,5.20111170210038e+18
100005,100006,5,5,15,0,2020,11,14,1,3,0,2,0,1,1,0,0,0,0,"408674,985000000340000","5761736,187899999300000",7.669719567000072,51.99876364000005,0,Unfallorte2020_LinRef.csv,5.201108702100279e+18
100009,100010,5,5,15,0,2020,11,19,1,3,2,6,2,0,1,0,0,0,0,"408200,252600000240000","5756600,126000000200000",7.664180311000052,51.952519616000075,0,Unfallorte2020_LinRef.csv,5.201108702100066e+18
100110,100111,5,5,15,0,2020,11,16,3,3,5,3,0,1,1,0,0,0,0,"406205,701399999670000","5757441,744000000900000",7.634935741000049,51.95975167900008,1,Unfallorte2020_LinRef.csv,5.201110702100173e+18
100161,100162,5,5,15,0,2020,11,8,4,3,2,2,0,0,1,0,1,0,0,"404922,251400000420000","5759096,690999999600000",7.61580423700002,51.974408991000075,0,Unfallorte2020_LinRef.csv,5.201118702100466e+18
100173,100174,5,5,15,0,2020,11,17,1,3,0,1,1,1,0,0,0,0,0,"403875,841599999930000","5759410,580000000100000",7.60048697600007,51.97705031000004,1,Unfallorte2020_LinRef.csv,5.201115702100568e+18
100179,100180,5,5,15,0,2020,11,15,3,3,2,6,0,0,1,0,0,0,0,"406343,743999999950000","5758971,879000000700000",7.636526808000042,51.97352850900006,0,Unfallorte2020_LinRef.csv,5.201117702100311e+18
100267,100268,5,5,15,0,2020,11,7,4,3,5,3,1,1,1,0,0,0,0,"403052,591000000010000","5758116,297000000300000",7.588870361000033,51.965273919000026,0,Unfallorte2020_LinRef.csv,5.201118702100179e+18
100324,100325,5,5,15,0,2020,11,11,2,3,8,1,0,0,1,0,0,0,0,"400266,590300000270000","5756039,625099999800000",7.548935060000076,51.94611566000003,0,Unfallorte2020_LinRef.csv,5.201116702330976e+18
100330,100331,5,5,15,0,2020,11,15,7,3,5,2,0,1,0,0,0,0,0,"406214,100899999960000","5758633,556299999400000",7.634732446000044,51.97046565000005,0,Unfallorte2020_LinRef.csv,5.201114702100579e+18
100335,100336,5,5,15,0,2020,11,14,7,3,5,2,0,1,1,0,0,0,0,"406448,020899999890000","5750768,282999999800000",7.640275688000031,51.89980790700008,0,Unfallorte2020_LinRef.csv,5.201114702100342e+18
100358,100359,5,5,15,0,2020,11,11,2,2,3,6,0,1,0,0,0,0,0,"409787,441800000150000","5761168,224199999100000",7.68606894900006,51.99384030600004,0,Unfallorte2020_LinRef.csv,5.201116702100793e+18
100375,100376,5,5,15,0,2020,11,12,2,3,5,3,0,1,1,0,0,0,0,"406899,549100000410000","5761080,732300000300000",7.644043564000072,51.99257725400008,0,Unfallorte2020_LinRef.csv,5.201116702100464e+18
100382,100383,5,5,15,0,2020,11,15,2,3,0,6,0,1,0,0,0,0,0,"407930,624499999920000","5754499,380200000500000",7.660820512000043,51.93359231000005,1,Unfallorte2020_LinRef.csv,5.20111670210037e+18
100401,100402,5,5,15,0,2020,11,7,3,3,6,2,1,0,1,1,0,0,0,"404412,861600000410000","5755368,107499999900000",7.609428043000037,51.94080771400007,1,Unfallorte2020_LinRef.csv,5.201117702100568e+18
100405,100406,5,5,15,0,2020,11,5,2,3,3,6,2,1,0,0,0,0,0,"405501,156700000170000","5754834,911800000800000",7.625401774000068,51.93620100800007,1,Unfallorte2020_LinRef.csv,5.201116702100244e+18
100430,100431,5,5,15,0,2020,11,8,2,3,1,3,0,1,1,0,0,0,0,"404072,272499999960000","5754980,064200000800000",7.604583081000044,51.937261215000035,0,Unfallorte2020_LinRef.csv,5.201116702100045e+18
100491,100492,5,5,15,0,2020,11,12,4,3,5,3,0,1,1,0,0,0,0,"403501,920199999590000","5760698,935599999500000",7.594682243000023,51.988565599000026,0,Unfallorte2020_LinRef.csv,5.201118702100361e+18
100577,100578,5,5,15,0,2020,11,6,5,3,0,1,1,0,0,0,1,0,0,"404210,512099999930000","5759086,920600000800000",7.605448365000029,51.97419894500007,1,Unfallorte2020_LinRef.csv,5.201119702100779e+18
100590,100591,5,5,15,0,2020,11,10,6,3,6,7,0,1,0,1,0,0,0,"406337,362700000410000","5758881,765499999700000",7.63645852600007,51.97271745300003,0,Unfallorte2020_LinRef.csv,5.201113702100455e+18
100592,100593,5,5,15,0,2020,11,8,6,3,5,3,0,1,1,0,0,0,0,"403052,591000000010000","5758116,297000000300000",7.588870361000033,51.965273919000026,0,Unfallorte2020_LinRef.csv,5.201113702100375e+18
100599,100600,5,5,15,0,2020,11,13,6,2,4,2,0,1,1,0,0,0,0,"406994,699799999590000","5751289,994799999500000",7.648078170000076,51.90458888400008,0,Unfallorte2020_LinRef.csv,5.201113702100219e+18
100603,100604,5,5,15,0,2020,11,6,6,3,1,6,2,0,1,0,0,0,0,"400409,660199999810000","5753687,669700000400000",7.551696861000039,51.925001491000046,0,Unfallorte2020_LinRef.csv,5.20111370210008e+18
100722,100723,5,5,15,0,2020,11,7,2,3,2,6,0,0,1,0,0,0,0,"408665,631500000130000","5753493,651000000500000",7.671775257000036,51.92467327400004,1,Unfallorte2020_LinRef.csv,5.201123702100066e+18
100775,100776,5,5,15,0,2020,11,11,2,3,2,6,0,0,1,0,0,0,0,"406307,362999999900000","5751066,836999999400000",7.638150773000064,51.902467846000036,0,Unfallorte2020_LinRef.csv,5.201123702100538e+18
100827,100828,5,5,15,0,2020,11,13,2,3,5,2,0,1,1,0,0,0,0,"405640,524600000120000","5756985,631999999300000",7.626838090000035,51.95555631600007,0,Unfallorte2020_LinRef.csv,5.201123702100471e+18
100904,100905,5,5,15,0,2020,11,17,6,3,0,1,2,0,0,0,0,0,1,"406237,655000000260000","5757685,741800000900000",7.635334038000053,51.96195023400003,0,Unfallorte2020_LinRef.csv,5.20112070210096e+18
100906,100907,5,5,15,0,2020,11,20,6,3,5,2,2,1,1,0,0,0,0,"407194,286999999550000","5761114,217399999500000",7.648325901000021,51.99292756500006,0,Unfallorte2020_LinRef.csv,5.201120702100853e+18
100931,100932,5,5,15,0,2020,11,14,2,3,2,6,0,0,1,0,0,0,1,"404222,442800000310000","5756338,684699999200000",7.606388380000055,51.94949888600007,0,Unfallorte2020_LinRef.csv,5.201123702100472e+18
101023,101024,5,5,15,0,2020,11,8,5,3,5,3,0,1,0,0,0,0,0,"406159,190399999730000","5758550,787300000000000",7.633955969000056,51.96971241700004,1,Unfallorte2020_LinRef.csv,5.201126702100751e+18
101025,101026,5,5,15,0,2020,11,8,5,2,5,3,0,1,0,0,1,0,0,"405373,930499999780000","5755851,778300000400000",7.623271881000051,51.94531944500005,1,Unfallorte2020_LinRef.csv,5.201126702100068e+18
101026,101027,5,5,15,0,2020,11,18,5,3,5,3,2,1,1,0,0,0,0,"402897,277999999930000","5755015,423000000400000",7.587486567000042,51.93737523600004,1,Unfallorte2020_LinRef.csv,5.201126702100068e+18
101109,101110,5,5,15,0,2020,11,16,4,3,6,4,2,0,1,1,0,0,0,"399037,234799999740000","5756701,617499999700000",7.530860494000024,51.95184394000006,0,Unfallorte2020_LinRef.csv,5.201125702100779e+18
101110,101111,5,5,15,0,2020,11,16,4,3,5,3,2,1,1,0,0,0,0,"404761,671000000090000","5761472,832000000400000",7.612807380000049,51.99573907000007,0,Unfallorte2020_LinRef.csv,5.201125702100088e+18