,OBJECTID,ULAND,UREGBEZ,UKREIS,UGEMEINDE,UJAHR,UMONAT,USTUNDE,UWOCHENTAG,UKATEGORIE,UART,UTYP1,ULICHTVERH,IstRad,IstPKW,IstFuss,IstKrad,IstGkfz,IstSonstige,LINREFX,LINREFY,XGCSWGS84,YGCSWGS84,STRZUSTAND,source_file,UIDENTSTLAE
101210,101211,5,5,15,0,2020,11,12,3,3,5,3,0,1,1,0,0,0,0,"405508,583899999970000","5751882,204900000200000",7.62632028400003,51.909661896000046,0,Unfallorte2020_LinRef.csv,5.201124702100842e+18
101389,101390,5,5,15,0,2020,11,15,2,3,3,6,0,0,1,0,0,1,0,"407854,188900000420000","5754605,963199999200000",7.659680511000033,51.93453769100006,0,Unfallorte2020_LinRef.csv,5.201130702100866e+18
101390,101391,5,5,15,0,2020,11,17,2,3,2,6,2,0,1,0,0,0,0,"402734,125799999570000","5753896,979100000100000",7.585430234000057,51.92729381100003,1,Unfallorte2020_LinRef.csv,5.201130702100538e+18
101391,101392,5,5,15,0,2020,11,18,2,3,0,7,2,1,1,0,0,0,0,"405521,026899999940000","5756552,529999999300000",7.62521872700006,51.95164311600007,0,Unfallorte2020_LinRef.csv,5.20113070210014e+18
101392,101393,5,5,15,0,2020,11,19,2,3,6,2,2,0,1,1,0,0,0,"407196,707999999630000","5761114,434000000400000",7.648361092000073,51.99292991600004,1,Unfallorte2020_LinRef.csv,5.201130702100074e+18
101617,101618,5,5,15,0,2020,12,8,7,3,6,2,0,0,1,1,0,0,0,"404142,706600000150000","5761304,631999999300000",7.603841781000028,51.99412073600007,0,Unfallorte2020_LinRef.csv,5.201205702100279e+18
101694,101695,5,5,15,0,2020,12,9,6,2,8,7,0,0,1,0,0,0,0,"401114,986700000240000","5752148,791300000600000",7.562392577000026,51.91129539700006,1,Unfallorte2020_LinRef.csv,5.201204702330076e+18
101695,101696,5,5,15,0,2020,12,7,6,3,6,2,2,0,1,1,0,0,0,"405517,964900000020000","5754618,376900000500000",7.625705668000023,51.93425754500004,1,Unfallorte2020_LinRef.csv,5.201204702100842e+18
101789,101790,5,5,15,0,2020,12,9,5,3,5,3,0,1,1,0,0,0,0,"404001,263500000350000","5761398,371099999200000",7.60175608000003,51.99493885700008,1,Unfallorte2020_LinRef.csv,5.201203702100564e+18
101790,101791,5,5,15,0,2020,12,7,5,3,2,6,2,1,1,0,0,0,0,"403512,379900000060000","5755489,394200000900000",7.596298312000045,51.94174245100004,1,Unfallorte2020_LinRef.csv,5.201203702100107e+18
101792,101793,5,5,15,0,2020,12,14,5,3,3,2,0,1,1,0,0,0,0,"405151,554899999870000","5757195,208200000200000",7.619666749000032,51.95735689000003,0,Unfallorte2020_LinRef.csv,5.201203702100064e+18
101793,101794,5,5,15,0,2020,12,18,5,3,5,3,2,1,1,0,0,0,0,"399142,783599999730000","5757118,109300000600000",7.532273576000023,51.95560655000003,1,Unfallorte2020_LinRef.csv,5.201203702100045e+18
101914,101915,5,5,15,0,2020,12,10,4,3,5,3,0,1,1,0,0,0,0,"403576,310499999670000","5758067,338300000900000",7.596504692000053,51.96492495100006,0,Unfallorte2020_LinRef.csv,5.201202702100551e+18
101930,101931,5,5,15,0,2020,12,17,3,3,9,1,2,0,1,0,0,0,0,"407305,935499999670000","5755224,527799999300000",7.651541492000035,51.94000665000004,0,Unfallorte2020_LinRef.csv,5.201208702100368e+18
101986,101987,5,5,15,0,2020,12,18,2,3,5,3,2,0,1,0,1,0,0,"407677,435100000350000","5758429,607300000300000",7.656083073000048,51.96887744700007,1,Unfallorte2020_LinRef.csv,5.201207702100043e+18
102077,102078,5,5,15,0,2020,12,16,3,2,4,6,1,1,0,0,0,0,0,"407710,095200000330000","5754751,587999999500000",7.657546127000046,51.93582277500008,0,Unfallorte2020_LinRef.csv,5.201208702100411e+18
102135,102136,5,5,15,0,2020,12,18,2,3,5,3,2,1,1,0,0,0,0,"398351,939500000330000","5759454,318800000500000",7.520077363000041,51.97646043200007,1,Unfallorte2020_LinRef.csv,5.201207702100872e+18
102191,102192,5,5,15,0,2020,12,16,1,3,6,4,2,0,1,1,0,0,0,"404392,311800000260000","5759063,158700000500000",7.608100871000033,51.97401667200006,1,Unfallorte2020_LinRef.csv,5.201206702100564e+18
102207,102208,5,5,15,0,2020,12,9,3,3,4,6,0,0,1,0,0,0,0,"414831,117800000120000","5753769,430800000200000",7.761344781000048,51.92812965000007,1,Unfallorte2020_LinRef.csv,5.201208702100466e+18
102279,102280,5,5,15,0,2020,12,8,2,3,2,7,0,0,1,0,0,0,1,"400279,327499999660000","5752525,621600000200000",7.550138704000062,51.91453344000007,1,Unfallorte2020_LinRef.csv,5.201207702330788e+18
102318,102319,5,5,15,0,2020,12,16,2,3,5,2,0,1,1,0,0,0,0,"404716,885300000200000","5761228,271500000700000",7.61222323800007,51.99353319700003,1,Unfallorte2020_LinRef.csv,5.201214702100556e+18
102390,102391,5,5,15,0,2020,12,7,3,2,5,2,2,1,1,0,0,0,0,"403219,135999999940000","5754223,932000000000000",7.592389640000022,51.93031711400005,1,Unfallorte2020_LinRef.csv,5.20121570210054e+18
102462,102463,5,5,15,0,2020,12,10,7,3,2,6,0,0,1,0,0,0,0,"404223,682799999600000","5754332,174799999200000",7.606965254000045,51.931463808000046,1,Unfallorte2020_LinRef.csv,5.201212702100079e+18
102489,102490,5,5,15,0,2020,12,16,2,2,8,1,0,0,1,0,0,0,0,"400306,026399999860000","5760976,283500000800000",7.548075167000036,51.99049401000008,1,Unfallorte2020_LinRef.csv,5.201214702100558e+18
102569,102570,5,5,15,0,2020,12,14,2,3,2,6,0,0,1,0,0,0,0,"405922,603900000450000","5756091,242000000600000",7.631186606000028,51.94756491600003,0,Unfallorte2020_LinRef.csv,5.201214702100264e+18
102656,102657,5,5,15,0,2020,12,14,2,3,5,2,0,1,0,0,0,0,1,"406939,529000000100000","5756954,990000000200000",7.645744344000036,51.95549979200007,1,Unfallorte2020_LinRef.csv,5.201214702100607e+18
102666,102667,5,5,15,0,2020,12,7,5,3,0,2,2,1,1,0,0,0,0,"403692,782999999820000","5759593,043099999400000",7.59777139800002,51.97865864500005,1,Unfallorte2020_LinRef.csv,5.201210702100876e+18
102670,102671,5,5,15,0,2020,12,7,5,3,0,1,2,0,0,0,1,0,0,"406306,170500000010000","5751069,350199999300000",7.638132762000055,51.90249023600006,1,Unfallorte2020_LinRef.csv,5.201210702100013e+18
102703,102704,5,5,15,0,2020,12,13,4,3,0,7,0,0,1,1,0,0,0,"407611,066399999890000","5756846,929899999900000",7.655542981000053,51.95464046200004,1,Unfallorte2020_LinRef.csv,5.201216702100089e+18
102710,102711,5,5,15,0,2020,12,12,4,2,5,2,0,1,1,0,0,0,0,"411741,892099999820000","5752510,455499999200000",7.716751310000063,51.91633170700004,0,Unfallorte2020_LinRef.csv,5.201216702100088e+18
102792,102793,5,5,15,0,2020,12,15,6,3,5,3,0,1,1,0,0,0,0,"408811,145499999630000","5754085,019799999900000",7.673734078000052,51.93001274100004,0,Unfallorte2020_LinRef.csv,5.20121870210074e+18
102863,102864,5,5,15,0,2020,12,14,5,3,1,5,0,0,1,0,0,0,0,"405920,881400000300000","5752775,520700000200000",7.632068245000028,51.91776127900005,0,Unfallorte2020_LinRef.csv,5.201217702100542e+18
102901,102902,5,5,15,0,2020,12,23,2,3,8,1,2,0,0,0,0,0,1,"403035,013899999670000","5758381,852499999100000",7.588539608000076,51.96765774100004,1,Unfallorte2020_LinRef.csv,5.201221702100345e+18
103042,103043,5,5,15,0,2020,12,8,5,2,6,4,1,0,1,1,0,0,0,"405949,292299999860000","5756481,920900000300000",7.631467895000071,51.95108103500007,1,Unfallorte2020_LinRef.csv,5.201217702100579e+18
103056,103057,5,5,15,0,2020,12,11,6,2,0,4,0,1,0,1,0,0,0,"405157,322999999860000","5759109,698799999400000",7.619221872000026,51.974566078000066,0,Unfallorte2020_LinRef.csv,5.201218702100668e+18
103077,103078,5,5,15,0,2020,12,8,2,3,5,2,0,1,1,0,0,0,0,"403013,915000000040000","5758689,755000000800000",7.588145603000044,51.97042157200008,1,Unfallorte2020_LinRef.csv,5.201221702100874e+18
103173,103174,5,5,15,0,2020,12,6,2,3,5,3,2,1,1,0,0,0,0,"401575,532100000420000","5757083,687100000700000",7.567673949000039,51.95573305500005,1,Unfallorte2020_LinRef.csv,5.201228702100564e+18
103179,103180,5,5,15,0,2020,12,15,3,3,5,2,0,1,1,0,0,0,0,"405507,818500000050000","5755510,050400000100000",7.625313148000032,51.94227059700006,1,Unfallorte2020_LinRef.csv,5.201229702100189e+18
103210,103211,5,5,15,0,2020,12,17,4,3,6,2,2,0,1,1,0,0,0,"404582,643299999650000","5755705,213400000700000",7.611803644000077,51.943866901000035,0,Unfallorte2020_LinRef.csv,5.201230702100471e+18
103360,103361,5,5,15,0,2020,12,17,2,3,6,2,2,0,1,1,0,0,0,"403503,124099999670000","5760699,182900000400000",7.594699700000035,51.98856803100006,1,Unfallorte2020_LinRef.csv,5.201228702100814e+18
103367,103368,5,5,15,0,2020,12,17,3,3,2,6,2,0,1,0,0,0,0,"407069,436999999920000","5757446,472999999300000",7.647501301000034,51.959939219000034,1,Unfallorte2020_LinRef.csv,5.201229702100678e+18
103378,103379,5,5,15,0,2020,12,22,5,2,2,6,2,0,1,0,0,0,1,"403471,465800000350000","5764277,413699999500000",7.593230643000027,52.02072453100004,1,Unfallorte2020_LinRef.csv,5.201224702350808e+18
103448,103449,5,5,15,0,2020,12,12,2,3,2,6,0,0,1,0,0,0,0,"407850,295300000350000","5756793,005899999300000",7.65903770400007,51.95419545500005,0,Unfallorte2020_LinRef.csv,5.201228702100111e+18
103504,103505,5,5,15,0,2020,12,13,1,3,0,7,0,1,1,0,0,0,0,"408945,423200000080000","5753052,322200000300000",7.675959672000033,51.92075214600004,1,Unfallorte2020_LinRef.csv,5.20122770210037e+18
103505,103506,5,5,15,0,2020,12,16,4,3,0,7,2,0,0,0,0,0,1,"402098,875099999830000","5745685,709400000100000",7.578525502000048,51.85337666100003,1,Unfallorte2020_LinRef.csv,5.201223702330988e+18
103508,103509,5,5,15,0,2020,12,19,4,3,6,2,2,0,1,1,0,0,0,"405455,252999999560000","5759121,153999999200000",7.62355481000003,51.97471980900008,1,Unfallorte2020_LinRef.csv,5.201223702100354e+18
103511,103512,5,5,15,0,2020,12,19,4,3,5,3,2,1,1,0,0,0,0,"408810,578200000340000","5754084,782999999800000",7.67372589200005,51.930010519000064,1,Unfallorte2020_LinRef.csv,5.201223702100169e+18
103515,103516,5,5,15,0,2020,12,20,3,3,2,6,2,0,1,0,0,0,0,"407650,873700000350000","5758325,692099999600000",7.655724492000047,51.96793899000005,1,Unfallorte2020_LinRef.csv,5.201222702101e+18
103519,103520,5,5,15,0,2020,12,16,3,3,5,3,1,1,1,0,0,0,0,"409582,663200000300000","5756025,053500000400000",7.684441907000064,51.94757695000004,1,Unfallorte2020_LinRef.csv,5.201222702100089e+18
103574,103575,5,5,15,0,2020,12,20,1,2,8,6,2,0,1,0,0,0,0,"408803,076100000180000","5753271,239199999700000",7.673832384000036,51.92269662100006,1,Unfallorte2020_LinRef.csv,5.20122770210007e+18
200899,200900,5,5,15,0,2020,1,18,6,3,5,3,2,0,1,0,0,0,0,"406093,782800000160000","5753622,569800000600000",7.634350445000052,51.92540418400006,1,Unfallorte2020_LinRef.csv,5.200103702100568e+18
200941,200942,5,5,15,0,2020,1,13,4,3,5,2,0,1,1,0,0,0,0,"406087,726700000460000","5758929,186699999500000",7.632812465000029,51.97310156700007,0,Unfallorte2020_LinRef.csv,5.200101702100025e+18
200962,200963,5,5,15,0,2020,1,7,5,3,5,2,2,1,1,0,0,0,0,"408580,200199999850000","5756838,201700000100000",7.669644147000042,51.95472217000008,0,Unfallorte2020_LinRef.csv,5.200102702100055e+18
200977,200978,5,5,15,0,2020,1,2,1,2,0,1,2,0,0,0,0,0,1,"404010,240399999540000","5757483,392699999700000",7.602981931000045,51.95975134500003,1,Unfallorte2020_LinRef.csv,5.200105702100227e+18
201219,201220,5,5,15,0,2020,1,13,4,3,3,6,0,1,0,0,0,0,0,"406207,248999999840000","5757438,323799999400000",7.634959191000064,51.95972119700008,1,Unfallorte2020_LinRef.csv,5.200108702100068e+18
201326,201327,5,5,15,0,2020,1,7,3,3,6,1,2,0,1,1,0,0,0,"407282,217400000430000","5756774,021800000200000",7.650778628000069,51.95393039500004,1,Unfallorte2020_LinRef.csv,5.200107702100088e+18
201406,201407,5,5,15,0,2020,1,12,7,3,0,1,0,1,0,1,0,0,0,"406247,099100000230000","5757022,436499999800000",7.635652481000022,51.95598972700003,0,Unfallorte2020_LinRef.csv,5.200111702100968e+18
201411,201412,5,5,15,0,2020,1,9,7,3,5,2,0,1,0,1,0,0,0,"405699,204499999990000","5757616,119100000700000",7.627518688000066,51.961233366000044,0,Unfallorte2020_LinRef.csv,5.20011170210008e+18
201413,201414,5,5,15,0,2020,1,7,4,2,4,7,1,1,0,0,0,0,0,"406371,329800000410000","5751594,023499999200000",7.638937026000065,51.90721725000003,0,Unfallorte2020_LinRef.csv,5.200115702100778e+18
201483,201484,5,5,15,0,2020,1,12,2,3,5,3,0,0,1,0,0,0,0,"407044,504999999890000","5757870,224999999600000",7.64702386700003,51.96374395000004,1,Unfallorte2020_LinRef.csv,5.200113702100469e+18
201535,201536,5,5,15,0,2020,1,11,6,2,6,4,0,0,1,1,0,0,0,"405358,857599999760000","5754575,623999999800000",7.623403845000041,51.93384622700006,1,Unfallorte2020_LinRef.csv,5.200110702100706e+18
201567,201568,5,5,15,0,2020,1,8,4,2,6,4,0,1,0,1,0,0,0,"407109,630900000220000","5756620,313699999800000",7.648309469000026,51.95251998600003,0,Unfallorte2020_LinRef.csv,5.200115702100678e+18
201647,201648,5,5,15,0,2020,1,16,7,3,6,4,2,1,0,1,0,0,0,"406881,455299999560000","5757689,007400000500000",7.644700514000022,51.962087789000066,1,Unfallorte2020_LinRef.csv,5.200118702100479e+18
201708,201709,5,5,15,0,2020,1,15,6,3,5,3,0,1,1,0,0,0,0,"405987,666100000030000","5753994,767400000200000",7.632706024000072,51.928731775000074,1,Unfallorte2020_LinRef.csv,5.200117702100561e+18
201710,201711,5,5,15,0,2020,1,7,6,3,1,6,1,0,1,0,0,0,1,"403212,138399999590000","5755248,106000000600000",7.591999734000069,51.93952152300005,1,Unfallorte2020_LinRef.csv,5.20011770210044e+18
201712,201713,5,5,15,0,2020,1,14,6,3,5,2,0,1,0,0,0,0,0,"406113,890300000090000","5757492,062100000700000",7.633586197000057,51.960188466000034,1,Unfallorte2020_LinRef.csv,5.200117702100354e+18
201791,201792,5,5,15,0,2020,1,6,1,3,0,1,2,1,0,0,0,0,0,"403023,850300000050000","5757525,305800000200000",7.588619034000033,51.95995690900003,0,Unfallorte2020_LinRef.csv,5.200119702100444e+18
201837,201838,5,5,15,0,2020,1,15,5,3,5,2,0,1,1,0,0,0,0,"403871,146599999630000","5758255,532099999500000",7.600742110000056,51.966667560000076,0,Unfallorte2020_LinRef.csv,5.200116702100968e+18
201838,201839,5,5,15,0,2020,1,16,5,2,4,6,0,1,1,0,0,0,0,"409472,590300000270000","5765592,877200000000000",7.68031473700006,52.033560296000076,0,Unfallorte2020_LinRef.csv,5.200116702100768e+18
201839,201840,5,5,15,0,2020,1,12,5,2,6,2,0,1,0,1,0,0,0,"406070,485399999660000","5757993,578500000800000",7.632817518000024,51.96468899200005,0,Unfallorte2020_LinRef.csv,5.200116702100588e+18
201865,201866,5,5,15,0,2020,1,19,4,3,0,2,2,0,1,1,0,0,0,"401182,525200000030000","5759374,271700000400000",7.561297459000059,51.97625153200005,0,Unfallorte2020_LinRef.csv,5.200122702100744e+18
201884,201885,5,5,15,0,2020,1,12,7,3,0,7,0,1,0,1,0,0,0,"405840,643699999900000","5757568,186200000300000",7.629589739000039,51.96082649600004,0,Unfallorte2020_LinRef.csv,5.200125702100356e+18
201928,201929,5,5,15,0,2020,1,12,4,3,3,3,0,1,0,0,0,0,0,"403576,482699999590000","5761545,721400000200000",7.595529605000024,51.99618968500005,0,Unfallorte2020_LinRef.csv,5.200122702100479e+18
202021,202022,5,5,15,0,2020,1,17,4,3,6,4,2,1,0,1,0,0,0,"406012,999499999920000","5756706,521299999200000",7.632333187000029,51.95311061700005,1,Unfallorte2020_LinRef.csv,5.200122702100673e+18
202193,202194,5,5,15,0,2020,1,7,3,3,5,3,2,1,1,0,0,0,0,"407855,713100000280000","5757275,515799999200000",7.658987112000034,51.95853342300006,1,Unfallorte2020_LinRef.csv,5.200128702100089e+18
202213,202214,5,5,15,0,2020,1,17,4,3,1,6,1,0,1,0,0,0,0,"409399,096599999820000","5764784,771500000700000",7.679457690000049,52.026284618000034,0,Unfallorte2020_LinRef.csv,5.200129702100467e+18
202232,202233,5,5,15,0,2020,1,23,1,2,0,1,2,1,0,0,0,0,0,"405892,091799999590000","5755382,124199999500000",7.630936898000073,51.94118586800005,1,Unfallorte2020_LinRef.csv,5.20012670210087e+18
202309,202310,5,5,15,0,2020,1,14,2,3,0,1,1,1,0,0,0,0,0,"404899,329900000240000","5758344,475999999800000",7.61567903100007,51.96764387700006,1,Unfallorte2020_LinRef.csv,5.200127702100842e+18
202311,202312,5,5,15,0,2020,1,18,2,3,2,6,2,0,1,0,0,0,0,"404456,515800000170000","5760769,989600000900000",7.608559928000034,51.98936928000006,1,Unfallorte2020_LinRef.csv,5.200127702100272e+18
202418,202419,5,5,15,0,2020,2,11,7,3,0,1,0,1,0,0,0,0,0,"406069,104399999600000","5758871,237800000200000",7.632557301000077,51.97257755000004,1,Unfallorte2020_LinRef.csv,5.200201702100542e+18
202484,202485,5,5,15,0,2020,1,13,6,3,2,5,0,1,1,0,0,0,0,"405586,798600000330000","5757372,208499999700000",7.625950250000074,51.95902191600004,0,Unfallorte2020_LinRef.csv,5.200131702100966e+18
202487,202488,5,5,15,0,2020,1,21,5,3,5,2,2,1,0,0,0,0,0,"405050,865000000220000","5756671,631999999300000",7.618346550000069,51.952633588000026,1,Unfallorte2020_LinRef.csv,5.200130702100707e+18
202489,202490,5,5,15,0,2020,1,7,5,3,5,2,2,1,1,0,0,0,0,"401518,997000000440000","5758993,867000000600000",7.566303711000046,51.97289211900005,1,Unfallorte2020_LinRef.csv,5.200130702100487e+18
202491,202492,5,5,15,0,2020,1,2,5,3,8,1,2,1,1,0,0,0,0,"405146,479899999690000","5758883,534199999600000",7.619126564000055,51.97253137300004,1,Unfallorte2020_LinRef.csv,5.200130702100062e+18
202577,202578,5,5,15,0,2020,2,21,1,2,6,4,2,0,1,1,0,0,0,"405579,552600000050000","5754355,572799999300000",7.626673344000039,51.93190578900004,1,Unfallorte2020_LinRef.csv,5.200202702100876e+18
202714,202715,5,5,15,0,2020,2,9,4,3,0,7,0,1,0,0,0,1,0,"405105,582399999720000","5755622,085200000600000",7.619432267000036,51.943209154000044,2,Unfallorte2020_LinRef.csv,5.200205702100673e+18
202870,202871,5,5,15,0,2020,2,11,6,3,0,7,0,1,1,0,0,0,0,"400986,254099999550000","5753781,651000000500000",7.560052134000046,51.925949066000044,0,Unfallorte2020_LinRef.csv,5.200207702100742e+18
202874,202875,5,5,15,0,2020,2,15,6,3,7,7,0,0,1,1,0,0,0,"405466,743700000460000","5757550,238900000200000",7.624154571000076,51.960601731000054,0,Unfallorte2020_LinRef.csv,5.200207702100079e+18
202927,202928,5,5,15,0,2020,2,18,3,3,5,3,1,1,1,0,0,0,0,"406207,542700000110000","5755091,310399999800000",7.63560392100004,51.93862515500007,1,Unfallorte2020_LinRef.csv,5.200211702100107e+18
202962,202963,5,5,15,0,2020,2,14,4,3,3,2,0,1,0,0,0,0,1,"404684,754999999890000","5759085,980000000400000",7.612350699000047,51.974272033000034,0,Unfallorte2020_LinRef.csv,5.200212702100469e+18
203044,203045,5,5,15,0,2020,2,18,1,3,6,2,2,0,1,1,0,0,0,"405945,871199999940000","5756809,604100000100000",7.631328444000076,51.95402582500003,1,Unfallorte2020_LinRef.csv,5.200209702100566e+18
203050,203051,5,5,15,0,2020,2,15,1,3,0,7,0,1,0,0,0,0,0,"405556,545500000010000","5757715,855799999100000",7.625415608000026,51.962105628000074,1,Unfallorte2020_LinRef.csv,5.20020970210007e+18
203068,203069,5,5,15,0,2020,2,15,4,3,4,1,0,0,1,0,0,0,0,"408158,599299999890000","5754137,080299999600000",7.664232218000052,51.93037340300003,0,Unfallorte2020_LinRef.csv,5.200212702100677e+18
203110,203111,5,5,15,0,2020,2,21,7,3,9,5,2,1,1,0,0,0,0,"406655,444299999620000","5757865,232400000100000",7.641364125000052,51.963633885000036,0,Unfallorte2020_LinRef.csv,5.20020870210057e+18
203112,203113,5,5,15,0,2020,2,18,7,2,0,7,2,0,0,0,0,0,1,"403813,727099999790000","5758577,747800000000000",7.599816307000026,51.96955380600008,0,Unfallorte2020_LinRef.csv,5.200208702100279e+18
203121,203122,5,5,15,0,2020,2,19,7,3,6,7,2,0,0,1,0,0,1,"407418,233599999920000","5760638,149199999900000",7.651715151000076,51.988685814000064,0,Unfallorte2020_LinRef.csv,5.20020870210015e+18
203157,203158,5,5,15,0,2020,2,20,1,3,5,2,2,0,1,1,0,0,0,"406140,996899999680000","5757131,573999999100000",7.63407907800007,51.95695280800004,1,Unfallorte2020_LinRef.csv,5.200216702100069e+18
203207,203208,5,5,15,0,2020,2,9,3,3,5,3,0,1,1,0,0,0,0,"399178,246000000280000","5756783,125199999700000",7.532887750000043,51.952602117000026,0,Unfallorte2020_LinRef.csv,5.200218702100568e+18
203208,203209,5,5,15,0,2020,2,20,3,3,3,2,2,1,1,0,0,0,0,"405210,541100000030000","5757221,863399999200000",7.62051755400006,51.95760653600007,0,Unfallorte2020_LinRef.csv,5.200218702100163e+18
203210,203211,5,5,15,0,2020,2,21,3,3,0,1,2,1,0,0,0,0,0,"412300,329599999820000","5753445,329399999200000",7.724630514000069,51.92482337600006,1,Unfallorte2020_LinRef.csv,5.20021870210008e+18
203231,203232,5,5,15,0,2020,2,14,4,2,0,7,0,0,1,1,0,0,0,"405280,150000000370000","5753913,225099999500000",7.622441716000026,51.927878889000056,0,Unfallorte2020_LinRef.csv,5.200219702100272e+18
203241,203242,5,5,15,0,2020,2,5,7,3,0,7,2,1,0,0,0,0,0,"405058,525200000030000","5758221,516799999400000",7.618029608000029,51.96656588600007,0,Unfallorte2020_LinRef.csv,5.200215702100272e+18
203243,203244,5,5,15,0,2020,2,14,7,3,4,3,0,1,0,0,0,0,0,"405692,135599999690000","5757607,849800000000000",7.627418108000029,51.961157839000066,0,Unfallorte2020_LinRef.csv,5.200215702000162e+18
203293,203294,5,5,15,0,2020,2,16,2,3,0,1,0,1,0,0,0,0,0,"406401,872999999670000","5756983,098700000000000",7.637914870000031,51.95566221200005,1,Unfallorte2020_LinRef.csv,5.200217702100965e+18
203399,203400,5,5,15,0,2020,2,17,3,3,5,6,0,1,0,0,0,0,0,"405931,339599999600000","5751311,405700000000000",7.632620086000031,51.904602802000056,1,Unfallorte2020_LinRef.csv,5.200225702100474e+18
203402,203403,5,5,15,0,2020,2,22,1,3,8,1,2,1,0,0,0,0,0,"405304,382500000300000","5758432,054199999200000",7.621549125000058,51.96850021800003,1,Unfallorte2020_LinRef.csv,5.20022370210067e+18
203488,203489,5,5,15,0,2020,2,6,6,3,3,2,2,1,1,0,0,0,0,"403584,204699999650000","5758376,983999999200000",7.596532612000033,51.967709512000056,0,Unfallorte2020_LinRef.csv,5.200221702100797e+18
203515,203516,5,5,15,0,2020,2,19,2,3,5,2,2,1,0,0,0,0,0,"406684,204900000240000","5757259,086899999500000",7.64194728800004,51.958190380000076,1,Unfallorte2020_LinRef.csv,5.200224702100171e+18
203539,203540,5,5,15,0,2020,2,11,7,3,1,6,0,0,1,0,0,0,0,"406091,497000000440000","5753621,926000000900000",7.634317389000046,51.92539801200007,0,Unfallorte2020_LinRef.csv,5.200222702100318e+18
203760,203761,5,5,15,0,2020,2,7,6,3,0,7,0,1,0,0,0,0,0,"407567,376000000160000","5751519,060100000400000",7.656338645000062,51.90674317700007,2,Unfallorte2020_LinRef.csv,5.20022870210087e+18
203762,203763,5,5,15,0,2020,2,19,6,3,5,3,2,0,1,0,0,0,0,"403927,234000000170000","5758084,698999999100000",7.601606055000048,51.96514175200008,1,Unfallorte2020_LinRef.csv,5.20022870210067e+18
203764,203765,5,5,15,0,2020,2,7,6,3,0,1,0,1,0,0,0,0,0,"404759,937800000420000","5760134,025599999400000",7.613153993000026,51.98370512900004,2,Unfallorte2020_LinRef.csv,5.200228702100564e+18
203766,203767,5,5,15,0,2020,2,7,6,3,0,1,1,1,0,0,0,0,0,"401303,330699999820000","5758741,102800000500000",7.563237761000039,51.97058197200005,2,Unfallorte2020_LinRef.csv,5.200228702100542e+18
203767,203768,5,5,15,0,2020,2,8,6,3,0,7,0,1,0,0,0,0,0,"407145,376799999740000","5758118,562000000800000",7.648424473000034,51.96599298700005,2,Unfallorte2020_LinRef.csv,5.20022870210037e+18
203768,203769,5,5,15,0,2020,2,8,6,3,0,1,0,1,0,0,0,0,0,"402199,086799999700000","5758201,648499999200000",7.576426896000044,51.96589157600005,2,Unfallorte2020_LinRef.csv,5.200228702100069e+18
203875,203876,5,5,15,0,2020,2,9,4,3,6,7,0,0,1,1,0,0,0,"399295,907700000330000","5756865,676400000200000",7.534575112000027,51.95336541200004,1,Unfallorte2020_LinRef.csv,5.200226702100742e+18
203878,203879,5,5,15,0,2020,2,15,4,3,9,1,0,0,1,0,0,0,0,"404736,849999999630000","5757324,491599999400000",7.613597587000072,51.95844804800004,1,Unfallorte2020_LinRef.csv,5.20022670210004e+18
203890,203891,5,5,15,0,2020,3,6,2,3,0,7,2,1,0,0,0,0,0,"405460,409900000320000","5757713,161699999100000",7.624017572000071,51.962065073000076,0,Unfallorte2020_LinRef.csv,5.200302702100273e+18
203893,203894,5,5,15,0,2020,2,8,5,3,1,5,0,1,1,0,0,0,0,"405357,777999999930000","5753607,858699999700000",7.623654320000071,51.92514731500006,1,Unfallorte2020_LinRef.csv,5.200227702100656e+18
203911,203912,5,5,15,0,2020,3,7,3,3,0,2,0,1,1,0,0,0,0,"403803,687699999660000","5761689,613399999200000",7.598797537000053,51.99752243200004,1,Unfallorte2020_LinRef.csv,5.200303702100898e+18
203913,203914,5,5,15,0,2020,3,17,3,3,5,3,0,1,1,0,0,0,0,"399492,438000000080000","5756208,003000000500000",7.537626300000056,51.94748972800005,0,Unfallorte2020_LinRef.csv,5.200303702100866e+18
203915,203916,5,5,15,0,2020,3,9,3,3,1,7,0,1,0,0,0,0,1,"405804,077499999660000","5758822,480599999400000",7.628713622000021,51.97209444300006,0,Unfallorte2020_LinRef.csv,5.200303702100761e+18
203925,203926,5,5,15,0,2020,3,20,3,3,6,4,2,0,1,1,0,0,0,"401401,550400000070000","5758264,697799999300000",7.564803910000023,51.96631739000003,1,Unfallorte2020_LinRef.csv,5.200303702100043e+18
203928,203929,5,5,15,0,2020,3,10,5,3,5,2,0,1,1,0,0,0,0,"407193,664699999620000","5753594,071799999100000",7.650348554000061,51.92533247600005,0,Unfallorte2020_LinRef.csv,5.200305702100089e+18