,OBJECTID,ULAND,UREGBEZ,UKREIS,UGEMEINDE,UJAHR,UMONAT,USTUNDE,UWOCHENTAG,UKATEGORIE,UART,UTYP1,ULICHTVERH,IstRad,IstPKW,IstFuss,IstKrad,IstGkfz,IstSonstige,LINREFX,LINREFY,XGCSWGS84,YGCSWGS84,STRZUSTAND,source_file,UIDENTSTLAE
215507,215508,5,5,15,0,2020,9,16,3,3,5,2,0,0,1,0,1,0,0,"408070,434200000020000","5754798,623600000500000",7.662773521000077,51.936305203000074,0,Unfallorte2020_LinRef.csv,5.200922702100273e+18
215533,215534,5,5,15,0,2020,9,17,7,3,3,2,0,1,1,0,0,0,0,"406042,313799999650000","5756997,757700000000000",7.632679990000042,51.95573333900006,1,Unfallorte2020_LinRef.csv,5.200926702100274e+18
215534,215535,5,5,15,0,2020,9,21,7,3,1,5,2,1,1,0,0,0,0,"403714,788099999540000","5758739,719000000500000",7.598331089000055,51.970992523000064,1,Unfallorte2020_LinRef.csv,5.200926702100201e+18
215621,215622,5,5,15,0,2020,9,17,6,3,5,2,0,1,1,0,0,0,0,"407467,786799999890000","5756144,452999999700000",7.653647720000038,51.94830239300006,0,Unfallorte2020_LinRef.csv,5.20092570210036e+18
215622,215623,5,5,15,0,2020,9,17,6,2,5,3,0,1,1,0,0,0,0,"399567,410000000150000","5756260,082000000400000",7.53870153400004,51.94797136100004,0,Unfallorte2020_LinRef.csv,5.200925702100074e+18
215750,215751,5,5,15,0,2020,9,13,1,3,4,6,0,1,0,0,0,0,0,"406367,061599999670000","5757264,403799999500000",7.637331766000045,51.95818485700005,0,Unfallorte2020_LinRef.csv,5.200927702100979e+18
215823,215824,5,5,15,0,2020,9,14,3,3,5,3,0,1,0,0,0,0,0,"402469,378499999640000","5758347,749199999500000",7.580318408000039,51.96725225400007,1,Unfallorte2020_LinRef.csv,5.200929702100845e+18
215871,215872,5,5,15,0,2020,9,23,3,3,0,7,2,1,0,0,0,0,0,"407058,707600000310000","5757346,144799999900000",7.647372339000071,51.95903562500007,1,Unfallorte2020_LinRef.csv,5.20092970210051e+18
215925,215926,5,5,15,0,2020,9,22,3,3,2,2,2,0,1,0,0,0,0,"406184,799700000320000","5755145,607400000100000",7.635258369000042,51.93910937000004,1,Unfallorte2020_LinRef.csv,5.200929702100011e+18
215952,215953,5,5,15,0,2020,9,10,2,3,6,4,0,0,1,1,0,0,0,"403842,196000000460000","5757771,922599999200000",7.60045625500004,51.96231571200008,0,Unfallorte2020_LinRef.csv,5.200928702100284e+18
215958,215959,5,5,15,0,2020,9,6,2,3,1,6,2,1,0,0,0,1,0,"407197,115600000140000","5754878,361600000400000",7.650052327000026,51.936876976000065,0,Unfallorte2020_LinRef.csv,5.200928702100271e+18
215964,215965,5,5,15,0,2020,9,13,2,3,5,3,0,1,1,0,0,0,0,"403182,291400000450000","5757032,244200000500000",7.59106317100003,51.95555273400004,0,Unfallorte2020_LinRef.csv,5.200928702100045e+18
215976,215977,5,5,15,0,2020,9,14,2,3,3,2,0,1,1,0,0,0,0,"406031,782999999820000","5756763,716900000300000",7.632590793000077,51.95362789200004,0,Unfallorte2020_LinRef.csv,5.200928702100011e+18
215978,215979,5,5,15,0,2020,9,16,3,3,0,7,0,1,0,0,0,0,0,"406269,817400000060000","5761498,281800000000000",7.634760511000025,51.996224436000034,1,Unfallorte2020_LinRef.csv,5.200929702100766e+18
216029,216030,5,5,15,0,2020,9,15,3,3,5,7,0,1,1,0,0,0,0,"407448,730899999850000","5757321,535900000500000",7.653053502000034,51.95887948300003,0,Unfallorte2020_LinRef.csv,5.200929702100371e+18
216144,216145,5,5,15,0,2020,10,3,7,3,0,1,2,0,0,0,0,0,1,"406067,625400000250000","5758866,598200000800000",7.632537046000039,51.972535597000046,1,Unfallorte2020_LinRef.csv,5.201003702100455e+18
216146,216147,5,5,15,0,2020,10,15,6,3,0,7,0,1,0,0,0,0,0,"405683,218100000170000","5751307,044999999900000",7.629015705000029,51.90452165500005,0,Unfallorte2020_LinRef.csv,5.201002702100986e+18
216153,216154,5,5,15,0,2020,10,7,6,3,4,6,0,1,0,0,0,0,0,"404359,081399999560000","5755711,404100000900000",7.608550428000058,51.94388415700007,0,Unfallorte2020_LinRef.csv,5.201002702100444e+18
216215,216216,5,5,15,0,2020,10,16,5,3,6,4,0,0,1,1,0,0,0,"405406,997700000180000","5751068,242599999500000",7.625067371000057,51.90232834500006,0,Unfallorte2020_LinRef.csv,5.201001702100465e+18
216217,216218,5,5,15,0,2020,10,8,5,2,5,3,0,1,1,0,0,0,0,"404346,139600000340000","5758425,971899999300000",7.607606443000066,51.96828147200006,0,Unfallorte2020_LinRef.csv,5.201001702100377e+18
216255,216256,5,5,15,0,2020,10,12,7,2,1,5,0,0,1,0,0,0,1,"399690,109500000250000","5757304,300899999200000",7.540181383000061,51.957379057000026,0,Unfallorte2020_LinRef.csv,5.201003702100656e+18
216303,216304,5,5,15,0,2020,10,22,7,2,0,1,2,0,0,0,0,0,1,"406051,181400000120000","5756989,581000000200000",7.632811232000051,51.95566134100005,1,Unfallorte2020_LinRef.csv,5.201003702100077e+18
216366,216367,5,5,15,0,2020,10,11,6,3,5,3,0,1,1,0,0,0,0,"411488,809999999590000","5760787,703999999900000",7.710940487000073,51.99069370600006,0,Unfallorte2020_LinRef.csv,5.201009702100064e+18
216430,216431,5,5,15,0,2020,10,7,4,3,5,3,0,0,1,0,0,0,1,"402243,048399999740000","5749530,800699999600000",7.579529508000064,51.887963125000056,1,Unfallorte2020_LinRef.csv,5.201007702100977e+18
216432,216433,5,5,15,0,2020,10,13,4,3,5,3,0,1,1,0,0,0,0,"407029,592500000260000","5755264,319800000600000",7.647511868000038,51.94031821600004,1,Unfallorte2020_LinRef.csv,5.201007702100922e+18
216433,216434,5,5,15,0,2020,10,14,4,3,5,2,0,1,0,0,0,0,0,"405555,789300000300000","5758700,669900000100000",7.625133727000048,51.97095742100004,0,Unfallorte2020_LinRef.csv,5.201007702100693e+18
216470,216471,5,5,15,0,2020,10,14,6,3,1,5,0,1,1,0,0,0,0,"405268,458999999800000","5755623,003399999800000",7.621800876000066,51.943245165000064,0,Unfallorte2020_LinRef.csv,5.201009702100242e+18
216486,216487,5,5,15,0,2020,10,14,5,3,0,1,0,1,0,0,0,0,0,"404757,946200000120000","5757290,999399999200000",7.613913797000066,51.95815062100007,1,Unfallorte2020_LinRef.csv,5.201008702100874e+18
216488,216489,5,5,15,0,2020,10,17,5,3,5,3,0,0,1,0,0,0,0,"407779,515599999580000","5754369,599099999300000",7.658658022000054,51.93240074100004,1,Unfallorte2020_LinRef.csv,5.201008702100206e+18
216493,216494,5,5,15,0,2020,10,15,5,3,6,2,0,0,1,1,0,0,0,"405949,908800000320000","5757760,245200000700000",7.631126918000064,51.96257130200007,1,Unfallorte2020_LinRef.csv,5.201008702100064e+18
216531,216532,5,5,15,0,2020,10,17,3,2,3,2,0,1,1,0,0,0,0,"407124,279400000350000","5756617,540699999800000",7.648523311000076,51.95249750700003,0,Unfallorte2020_LinRef.csv,5.201006702100888e+18
216532,216533,5,5,15,0,2020,10,13,3,3,4,3,0,1,0,0,0,0,0,"405769,576000000350000","5758391,417999999600000",7.628329834000056,51.96821402100005,1,Unfallorte2020_LinRef.csv,5.201006702100588e+18
216663,216664,5,5,15,0,2020,10,7,5,3,0,2,0,0,0,0,0,0,1,"406096,809899999760000","5753623,422399999600000",7.634394221000036,51.92541235900006,0,Unfallorte2020_LinRef.csv,5.201015702100139e+18
216668,216669,5,5,15,0,2020,10,15,4,3,5,3,0,1,1,0,0,0,0,"405864,677199999800000","5754080,182800000500000",7.630894486000045,51.92947874500004,0,Unfallorte2020_LinRef.csv,5.201014702100194e+18
216801,216802,5,5,15,0,2020,10,16,2,3,0,5,0,1,1,0,0,0,0,"403377,540199999700000","5762066,858899999400000",7.592485904000057,52.00083921600003,0,Unfallorte2020_LinRef.csv,5.201012702100566e+18
216816,216817,5,5,15,0,2020,10,13,1,2,5,2,0,1,1,0,0,0,0,"405139,223100000060000","5755806,796000000100000",7.619870571000035,51.944875151000076,0,Unfallorte2020_LinRef.csv,5.201011702100206e+18
216838,216839,5,5,15,0,2020,10,12,2,3,2,6,0,0,1,0,0,0,0,"406924,889000000430000","5749216,759999999800000",7.647623373000045,51.88594172300003,0,Unfallorte2020_LinRef.csv,5.201019702100043e+18
216844,216845,5,5,15,0,2020,10,23,4,3,4,6,2,1,0,0,0,0,0,"406127,513199999930000","5758080,793199999300000",7.633623484000054,51.96548255000005,0,Unfallorte2020_LinRef.csv,5.20102170210067e+18
216932,216933,5,5,15,0,2020,10,9,6,3,5,3,0,0,1,0,1,0,0,"405274,571800000030000","5755898,287200000100000",7.621813934000045,51.94572057700003,0,Unfallorte2020_LinRef.csv,5.201016702100465e+18
216943,216944,5,5,15,0,2020,10,10,2,3,0,7,0,1,0,1,0,0,0,"404373,148299999540000","5756515,966000000000000",7.608531196000058,51.95111828800003,0,Unfallorte2020_LinRef.csv,5.201019702100166e+18
216978,216979,5,5,15,0,2020,10,0,7,3,4,1,2,1,0,0,0,0,0,"404388,951500000430000","5758417,678099999200000",7.608231749000026,51.96821429000005,0,Unfallorte2020_LinRef.csv,5.201017702100343e+18
216987,216988,5,5,15,0,2020,10,23,3,3,0,7,2,0,0,0,0,0,1,"406112,864000000060000","5757493,588999999700000",7.633570847000044,51.96020201700003,1,Unfallorte2020_LinRef.csv,5.201020702100546e+18
217001,217002,5,5,15,0,2020,10,14,4,3,2,6,0,0,1,0,0,0,0,"404987,206799999810000","5754447,644500000400000",7.618035065000072,51.93263256500006,1,Unfallorte2020_LinRef.csv,5.201021702100412e+18
217031,217032,5,5,15,0,2020,10,16,2,3,0,1,0,1,0,0,0,0,0,"402208,030600000170000","5758615,657900000000000",7.576439117000064,51.96961436200007,0,Unfallorte2020_LinRef.csv,5.201019702100453e+18
217092,217093,5,5,15,0,2020,10,1,1,3,6,2,2,0,0,1,0,0,1,"406036,385200000370000","5756774,784900000300000",7.632654716000047,51.95372815400003,0,Unfallorte2020_LinRef.csv,5.201025702100538e+18
217114,217115,5,5,15,0,2020,10,14,2,3,0,1,0,1,0,0,0,0,0,"406112,864000000060000","5757493,588999999700000",7.633570847000044,51.96020201700003,1,Unfallorte2020_LinRef.csv,5.201026702100469e+18
217141,217142,5,5,15,0,2020,10,18,5,3,5,7,1,1,1,0,0,0,0,"405241,742700000290000","5757571,688400000300000",7.62087499300003,51.96075622600006,0,Unfallorte2020_LinRef.csv,5.201022702100943e+18
217199,217200,5,5,15,0,2020,10,6,7,3,0,7,2,1,0,0,0,0,0,"405110,800200000410000","5760183,298399999700000",7.618247865000058,51.98420805100005,1,Unfallorte2020_LinRef.csv,5.201024702100512e+18
217218,217219,5,5,15,0,2020,10,16,2,3,5,3,0,1,1,0,0,0,0,"407988,565100000240000","5754726,074799999600000",7.661602394000056,51.93563956000003,0,Unfallorte2020_LinRef.csv,5.201026702100571e+18
217269,217270,5,5,15,0,2020,10,15,2,3,5,3,0,1,1,0,0,0,0,"405903,491100000220000","5757238,151799999200000",7.630594553000037,51.95787063800003,1,Unfallorte2020_LinRef.csv,5.20102670210044e+18
217415,217416,5,5,15,0,2020,10,10,5,3,0,3,0,0,1,0,0,0,1,"405996,201000000350000","5757027,876000000200000",7.632000899000047,51.95599626300003,0,Unfallorte2020_LinRef.csv,5.201029702100668e+18
217416,217417,5,5,15,0,2020,10,16,4,3,5,3,0,1,0,0,0,0,1,"407854,961699999870000","5757275,653400000200000",7.658976143000075,51.95853453500007,0,Unfallorte2020_LinRef.csv,5.20102870210084e+18
217418,217419,5,5,15,0,2020,10,10,5,3,3,6,0,1,0,0,0,0,1,"407857,174999999810000","5757275,247999999700000",7.65900845300007,51.95853125800005,0,Unfallorte2020_LinRef.csv,5.201029702100566e+18
217419,217420,5,5,15,0,2020,10,17,4,3,5,3,1,1,1,0,0,0,0,"407989,008100000210000","5754725,488299999400000",7.661608993000073,51.93563436200003,1,Unfallorte2020_LinRef.csv,5.201028702100568e+18
217420,217421,5,5,15,0,2020,10,7,4,3,5,2,0,1,1,0,0,0,1,"405269,103199999780000","5757294,410599999100000",7.621349544000054,51.95826860100004,1,Unfallorte2020_LinRef.csv,5.201028702100474e+18
217421,217422,5,5,15,0,2020,10,18,4,2,0,7,2,1,0,0,0,0,0,"406866,295699999670000","5758296,189600000200000",7.644315265000046,51.96754290300004,1,Unfallorte2020_LinRef.csv,5.201028702100072e+18
217423,217424,5,5,15,0,2020,10,9,5,3,5,3,0,1,1,0,0,0,0,"406519,377500000410000","5758205,828500000800000",7.639291548000074,51.96667246100003,0,Unfallorte2020_LinRef.csv,5.201029702100261e+18
217638,217639,5,5,15,0,2020,11,15,4,3,6,2,0,0,0,1,0,0,1,"404246,433400000450000","5748607,245600000000000",7.608886916000074,51.88000949500008,0,Unfallorte2020_LinRef.csv,5.201104702100947e+18
217686,217687,5,5,15,0,2020,11,20,4,3,5,3,2,1,1,0,0,0,0,"403543,108799999580000","5757820,992399999900000",7.596090773000071,51.96270495700003,0,Unfallorte2020_LinRef.csv,5.20110470210037e+18
217696,217697,5,5,15,0,2020,11,17,3,2,0,1,1,1,0,0,0,0,0,"404500,583999999800000","5760999,012399999400000",7.609137721000025,51.99143538900006,1,Unfallorte2020_LinRef.csv,5.201103702100845e+18
217750,217751,5,5,15,0,2020,11,4,1,3,0,1,2,0,0,0,0,0,1,"405556,168999999760000","5756653,222999999300000",7.625702255000022,51.952554158000055,1,Unfallorte2020_LinRef.csv,5.201101702100558e+18
217795,217796,5,5,15,0,2020,11,20,4,3,5,3,2,0,1,0,0,0,0,"405271,579599999820000","5756338,918400000800000",7.621648984000046,51.94968065300003,0,Unfallorte2020_LinRef.csv,5.201104702100574e+18
217851,217852,5,5,15,0,2020,11,12,3,2,0,1,0,1,0,0,0,0,0,"404313,325000000190000","5760310,199999999300000",7.606603532000065,51.98521189500008,1,Unfallorte2020_LinRef.csv,5.201103702100775e+18
217895,217896,5,5,15,0,2020,11,22,6,3,0,7,2,1,0,0,0,0,0,"405519,709999999960000","5754337,651900000900000",7.625808137000036,51.93173455200008,0,Unfallorte2020_LinRef.csv,5.20110670210036e+18
218005,218006,5,5,15,0,2020,11,15,5,3,0,1,0,1,0,0,0,0,0,"401927,962899999690000","5755789,723700000000000",7.573170215000062,51.94416486100005,0,Unfallorte2020_LinRef.csv,5.201105702100066e+18
218007,218008,5,5,15,0,2020,11,15,5,2,0,1,0,1,0,0,0,0,0,"406818,839800000190000","5758633,283299999300000",7.643533197000068,51.970564911000054,0,Unfallorte2020_LinRef.csv,5.20110570210005e+18
218018,218019,5,5,15,0,2020,11,20,7,3,3,6,2,0,0,0,0,0,1,"405972,409400000240000","5757040,846599999800000",7.631651226000031,51.95610882700004,0,Unfallorte2020_LinRef.csv,5.201107702100668e+18
218289,218290,5,5,15,0,2020,11,15,2,3,0,6,0,1,0,0,0,0,0,"405489,101999999960000","5757139,439999999500000",7.624592895000035,51.95691309500006,0,Unfallorte2020_LinRef.csv,5.201109702100508e+18
218292,218293,5,5,15,0,2020,11,8,5,3,1,7,0,1,0,0,0,0,1,"405465,644500000400000","5758794,287699999300000",7.623796076000076,51.97178357100006,0,Unfallorte2020_LinRef.csv,5.201112702100186e+18
218297,218298,5,5,15,0,2020,11,15,2,2,4,6,0,1,0,0,0,0,0,"406447,543999999760000","5760963,738800000400000",7.637494292000042,51.99144970800006,0,Unfallorte2020_LinRef.csv,5.201109702100102e+18
218341,218342,5,5,15,0,2020,11,11,3,3,0,3,0,0,1,0,0,0,1,"406070,754099999550000","5752337,380999999100000",7.634366262000071,51.913848348000045,0,Unfallorte2020_LinRef.csv,5.201110702100045e+18
218366,218367,5,5,15,0,2020,11,9,4,2,0,1,0,1,0,0,0,0,0,"406201,960400000210000","5756167,129300000100000",7.635229249000076,51.94829420500008,1,Unfallorte2020_LinRef.csv,5.201111702100455e+18
218374,218375,5,5,15,0,2020,11,13,2,2,5,3,0,1,1,0,0,0,0,"402459,906000000420000","5758871,871500000400000",7.580031656000074,51.971961530000044,1,Unfallorte2020_LinRef.csv,5.20111670210007e+18
218459,218460,5,5,15,0,2020,11,15,4,3,0,3,0,1,1,0,0,0,0,"407846,678199999970000","5754604,415500000100000",7.659571710000023,51.93452253600003,0,Unfallorte2020_LinRef.csv,5.201118702100365e+18
218537,218538,5,5,15,0,2020,11,13,7,3,0,5,0,1,1,0,0,0,1,"407184,789599999790000","5758669,269400000600000",7.648849107000046,51.970949605000044,0,Unfallorte2020_LinRef.csv,5.201114702100214e+18
218603,218604,5,5,15,0,2020,11,19,6,2,5,3,2,1,1,0,0,0,0,"405264,661899999720000","5755570,338099999400000",7.621760162000044,51.94277113900006,1,Unfallorte2020_LinRef.csv,5.20111370210084e+18
218609,218610,5,5,15,0,2020,11,18,6,3,1,5,2,0,0,0,0,0,1,"408496,805100000460000","5762921,290899999400000",7.666808369000023,52.00938662300007,1,Unfallorte2020_LinRef.csv,5.201113702100366e+18
218611,218612,5,5,15,0,2020,11,10,6,3,5,3,0,1,1,0,0,0,0,"402307,479000000280000","5758582,717000000200000",7.577895682000076,51.96933577000004,1,Unfallorte2020_LinRef.csv,5.201113702100215e+18
218615,218616,5,5,15,0,2020,11,16,6,3,5,2,0,1,0,0,0,0,0,"400464,884499999690000","5756295,331299999700000",7.551745091000043,51.94844950500004,1,Unfallorte2020_LinRef.csv,5.201113702100179e+18
218621,218622,5,5,15,0,2020,11,17,6,3,1,7,2,0,1,0,0,0,0,"402368,946499999610000","5758320,825300000600000",7.578864635000059,51.966992625000046,1,Unfallorte2020_LinRef.csv,5.201113702100162e+18
218622,218623,5,5,15,0,2020,11,11,4,3,3,6,0,1,0,0,0,0,0,"402388,020800000060000","5754341,570699999100000",7.580272267000055,51.93122935300005,0,Unfallorte2020_LinRef.csv,5.201118702100056e+18
218684,218685,5,5,15,0,2020,11,11,1,3,8,5,0,1,1,0,0,0,0,"409007,870400000360000","5764863,736099999400000",7.673736070000075,52.02693035200008,1,Unfallorte2020_LinRef.csv,5.201122702100944e+18
218772,218773,5,5,15,0,2020,11,8,7,2,8,1,0,1,0,0,0,0,0,"407185,484899999570000","5756584,626599999100000",7.649422562000041,51.952211875000046,0,Unfallorte2020_LinRef.csv,5.201121702100854e+18
218879,218880,5,5,15,0,2020,11,11,2,3,5,2,0,1,1,0,0,0,0,"409572,551500000060000","5752327,416600000100000",7.685266617000025,51.91433838100005,1,Unfallorte2020_LinRef.csv,5.201123702100266e+18
218896,218897,5,5,15,0,2020,11,14,4,3,0,1,0,0,0,0,1,0,0,"406006,789400000130000","5757022,055700000400000",7.632156533000057,51.955945737000036,0,Unfallorte2020_LinRef.csv,5.201125702100564e+18
218921,218922,5,5,15,0,2020,11,13,4,3,5,3,0,1,1,0,0,0,0,"406497,065999999640000","5751370,048599999400000",7.640825053000071,51.90522515500004,0,Unfallorte2020_LinRef.csv,5.201125702100524e+18
219009,219010,5,5,15,0,2020,11,8,5,3,5,3,0,1,1,0,0,0,0,"401910,384700000290000","5758556,740700000900000",7.572124562000056,51.969032354000035,1,Unfallorte2020_LinRef.csv,5.201126702100762e+18
219015,219016,5,5,15,0,2020,11,16,6,2,0,6,0,1,0,1,0,0,0,"408838,227599999870000","5755982,294700000400000",7.673624949000043,51.94707110300004,0,Unfallorte2020_LinRef.csv,5.201127702100575e+18
219064,219065,5,5,15,0,2020,11,9,7,3,0,1,0,1,0,0,0,0,0,"405817,678700000050000","5758283,834899999200000",7.629059338000047,51.967255170000044,0,Unfallorte2020_LinRef.csv,5.201128702100968e+18
219139,219140,5,5,15,0,2020,11,8,4,3,4,6,0,1,1,0,0,0,0,"405844,898900000380000","5758743,004899999100000",7.629329508000069,51.97138699900006,0,Unfallorte2020_LinRef.csv,5.201125702100964e+18
219141,219142,5,5,15,0,2020,11,10,4,3,5,3,0,1,1,0,0,0,0,"407071,767500000070000","5758349,124099999700000",7.647290951000059,51.96805309400003,0,Unfallorte2020_LinRef.csv,5.20112570210074e+18
219160,219161,5,5,15,0,2020,12,18,5,3,4,6,2,1,1,0,0,0,0,"406641,784400000240000","5761353,335599999900000",7.640216270000053,51.994984259000034,0,Unfallorte2020_LinRef.csv,5.201203702100874e+18
219161,219162,5,5,15,0,2020,12,17,5,3,0,3,2,1,1,0,0,0,0,"403056,036000000310000","5757535,926999999200000",7.589084310000033,51.960057988000074,1,Unfallorte2020_LinRef.csv,5.201203702100002e+18
219229,219230,5,5,15,0,2020,12,16,6,3,2,6,2,1,1,0,0,0,0,"402121,907200000250000","5758139,609799999700000",7.575321541000051,51.96532037500003,1,Unfallorte2020_LinRef.csv,5.201204702100155e+18
219251,219252,5,5,15,0,2020,12,7,4,3,5,3,2,1,1,0,0,0,0,"408069,602800000460000","5754797,931399999200000",7.662761616000068,51.93629884400008,0,Unfallorte2020_LinRef.csv,5.201202702100679e+18
219254,219255,5,5,15,0,2020,12,10,4,3,0,7,0,1,1,0,0,0,0,"400897,444099999960000","5761627,770800000100000",7.55649717600005,51.99645549500008,0,Unfallorte2020_LinRef.csv,5.201202702100274e+18
219256,219257,5,5,15,0,2020,12,7,4,3,3,6,0,1,0,0,0,0,0,"406087,201999999580000","5758927,321000000500000",7.632805339000072,51.973084709000034,0,Unfallorte2020_LinRef.csv,5.201202702100274e+18
219336,219337,5,5,15,0,2020,12,6,6,3,1,5,2,1,1,0,0,0,0,"407667,654099999930000","5755259,265799999200000",7.656792668000037,51.94037903800006,1,Unfallorte2020_LinRef.csv,5.201204702100566e+18
219366,219367,5,5,15,0,2020,12,12,3,3,5,3,0,0,1,0,0,0,0,"405691,071499999610000","5756948,784000000000000",7.627583558000026,51.95523368500005,1,Unfallorte2020_LinRef.csv,5.201201702100572e+18
219367,219368,5,5,15,0,2020,12,8,3,3,3,5,0,1,1,0,0,0,0,"406965,216000000010000","5756763,466600000900000",7.64616989700005,51.95378257900006,1,Unfallorte2020_LinRef.csv,5.20120170210038e+18
219368,219369,5,5,15,0,2020,12,13,3,3,5,3,0,1,1,0,0,0,0,"405761,949799999590000","5755784,087300000700000",7.628934033000064,51.94477687300008,1,Unfallorte2020_LinRef.csv,5.201201702100356e+18
219488,219489,5,5,15,0,2020,12,13,3,3,0,3,0,1,0,0,1,0,0,"408122,116499999540000","5757096,035000000100000",7.662911046000033,51.95696423000004,0,Unfallorte2020_LinRef.csv,5.201208702100856e+18
219490,219491,5,5,15,0,2020,12,8,4,3,0,1,1,1,0,0,0,0,0,"404894,314799999820000","5758959,168299999100000",7.615435755000021,51.97316810500007,0,Unfallorte2020_LinRef.csv,5.201209702100775e+18
219518,219519,5,5,15,0,2020,12,15,7,3,0,5,0,1,1,0,0,0,0,"407100,867999999780000","5757064,444000000100000",7.648061916000074,51.95651059800008,0,Unfallorte2020_LinRef.csv,5.201205702100866e+18
219645,219646,5,5,15,0,2020,12,7,4,3,2,6,2,0,1,0,0,0,0,"404465,570199999960000","5757666,169999999900000",7.609555770000043,51.96147263700004,0,Unfallorte2020_LinRef.csv,5.201209702100455e+18
219837,219838,5,5,15,0,2020,12,16,7,3,3,7,1,1,1,0,0,0,0,"405353,528599999850000","5757673,529200000700000",7.622473369000034,51.96169065400005,1,Unfallorte2020_LinRef.csv,5.201212702100093e+18
219876,219877,5,5,15,0,2020,12,7,5,2,0,1,1,0,0,0,1,0,0,"399413,417000000370000","5756817,571799999100000",7.536298560000034,51.95295430900006,1,Unfallorte2020_LinRef.csv,5.201210702100669e+18
219897,219898,5,5,15,0,2020,12,7,6,3,5,3,0,0,1,0,0,0,0,"406498,888399999590000","5751367,640900000900000",7.640852189000043,51.905203819000064,0,Unfallorte2020_LinRef.csv,5.20121170210085e+18
219898,219899,5,5,15,0,2020,12,12,6,3,5,3,0,1,0,0,0,1,0,"404933,861200000160000","5760397,519300000700000",7.615612762000069,51.98610329300004,0,Unfallorte2020_LinRef.csv,5.201211702100668e+18
219899,219900,5,5,15,0,2020,12,15,6,3,5,2,0,0,1,0,0,0,0,"407515,926699999720000","5761489,942399999100000",7.652907672000026,51.99635841800006,1,Unfallorte2020_LinRef.csv,5.201211702100349e+18
219936,219937,5,5,15,0,2020,12,13,2,3,5,3,0,1,1,0,0,0,0,"403528,344999999740000","5761903,369999999200000",7.59472800900005,51.99939596100006,1,Unfallorte2020_LinRef.csv,5.20122170210008e+18
219946,219947,5,5,15,0,2020,12,17,3,3,0,1,2,1,0,0,0,0,0,"406206,356599999590000","5756186,614600000900000",7.635287878000042,51.94847008900007,1,Unfallorte2020_LinRef.csv,5.201222702100566e+18
220053,220054,5,5,15,0,2020,12,7,3,3,5,3,2,1,1,0,0,0,0,"407854,641699999570000","5757275,711999999400000",7.658971471000029,51.95853500900006,1,Unfallorte2020_LinRef.csv,5.201222702100568e+18
220057,220058,5,5,15,0,2020,12,12,4,3,5,6,0,1,1,0,0,0,0,"402052,154000000100000","5754195,832000000400000",7.575430331000064,51.929860407000035,1,Unfallorte2020_LinRef.csv,5.201216702100066e+18
220110,220111,5,5,15,0,2020,12,13,2,2,0,7,0,1,0,0,0,0,0,"405687,639999999660000","5757907,540300000500000",7.627270401000033,51.963850825000065,1,Unfallorte2020_LinRef.csv,5.201221702100043e+18
220124,220125,5,5,15,0,2020,12,10,6,3,5,3,0,1,1,0,0,0,0,"401033,640200000260000","5747910,502200000000000",7.562426659000039,51.87318598200005,0,Unfallorte2020_LinRef.csv,5.201218702100242e+18
220158,220159,5,5,15,0,2020,12,13,3,3,1,1,0,1,1,0,0,0,0,"407159,692400000060000","5756600,947399999900000",7.649042950000023,51.95235427000006,1,Unfallorte2020_LinRef.csv,5.20122270210057e+18
220184,220185,5,5,15,0,2020,12,12,7,3,0,7,0,1,0,0,0,0,0,"409463,912100000310000","5752527,237900000100000",7.683635018000075,51.91611686700003,0,Unfallorte2020_LinRef.csv,5.201219702100562e+18
220204,220205,5,5,15,0,2020,12,22,7,3,0,1,2,1,0,0,0,0,0,"406198,184799999930000","5756150,465399999200000",7.635178878000033,51.94814378500007,1,Unfallorte2020_LinRef.csv,5.201226702100357e+18
220295,220296,5,5,15,0,2020,12,16,5,3,5,3,0,0,1,0,0,0,0,"404651,960099999790000","5752740,070900000600000",7.613633453000034,51.91722681200008,1,Unfallorte2020_LinRef.csv,5.20122470210084e+18
220296,220297,5,5,15,0,2020,12,6,4,2,6,4,2,0,1,1,0,0,0,"407766,196800000030000","5754515,197300000100000",7.658425324000064,51.93370725700004,2,Unfallorte2020_LinRef.csv,5.201230702100766e+18
220338,220339,5,5,15,0,2020,12,17,3,3,5,3,2,0,1,0,0,0,1,"405854,011800000440000","5754436,451899999800000",7.630641933000049,51.93267926400006,1,Unfallorte2020_LinRef.csv,5.201229702100421e+18
220339,220340,5,5,15,0,2020,12,9,3,3,8,1,0,0,1,0,0,0,0,"402672,018299999650000","5758133,425699999600000",7.583327861000043,51.96536137600003,1,Unfallorte2020_LinRef.csv,5.20122970210008e+18